identifier,programme,status,opening,deadline,deadline_model,budget_total_eur,action_type,topic_url
ESF-2027-PEP-ENGAGEMENT,ESF+,open,2026-09-01,2026-10-29,single-stage,900000,ESF Project Grants,https://ec.europa.eu/info/funding-tenders/opportunities/portal/screen/opportunities/topic-details/ESF-2027-PEP-ENGAGEMENT
ERC-2027-COG,ERC,open,2026-09-24,2027-01-12,single-stage,618500000,HORIZON ERC Grants,https://ec.europa.eu/info/funding-tenders/opportunities/portal/screen/opportunities/topic-details/ERC-2027-COG
EuropeAid/186411/DD/ACT/CN,NDICI / EuropeAid,open,2026-07-17,2026-10-30,,,,https://webgate.ec.europa.eu/prospect/external/publishedcalls.htm?callId=186411
EuropeAid/187611/DD/ACT/MD,NDICI / EuropeAid,open,2026-08-13,2026-10-28,,,,https://ec.europa.eu/info/funding-tenders/opportunities/portal/screen/opportunities/topic-details/187611PROSPECTSEN
EuropeAid/187517/DD/ACT/AL,NDICI / EuropeAid,open,2026-08-25,2026-10-27,,,,https://ec.europa.eu/info/funding-tenders/opportunities/portal/screen/opportunities/topic-details/187517PROSPECTSEN
EuropeAid/187686/ID/ACT/MK,NDICI / EuropeAid,open,2026-09-03,2026-11-05,,,,https://ec.europa.eu/info/funding-tenders/opportunities/portal/screen/opportunities/topic-details/187686PROSPECTSEN
DIGITAL-JU-CHIPS-2026-AI-GFP,Digital Europe,open,2026-07-07,2026-10-27,single-stage,70000000,DIGITAL JU Grants for Procurement,https://ec.europa.eu/info/funding-tenders/opportunities/portal/screen/opportunities/topic-details/DIGITAL-JU-CHIPS-2026-AI-GFP
DIGITAL-JU-CHIPS-2026-SG-JAPAN,Digital Europe,open,2026-07-07,2026-12-08,single-stage,5000000,DIGITAL JU Simple Grants,https://ec.europa.eu/info/funding-tenders/opportunities/portal/screen/opportunities/topic-details/DIGITAL-JU-CHIPS-2026-SG-JAPAN
DIGITAL-JU-CHIPS-2026-AI1-SG,Digital Europe,open,2026-07-07,2026-10-27,single-stage,10000000,DIGITAL JU Simple Grants,https://ec.europa.eu/info/funding-tenders/opportunities/portal/screen/opportunities/topic-details/DIGITAL-JU-CHIPS-2026-AI1-SG
HORIZON-JU-EUROHPC-2026-NAPT-11-01,Horizon Europe,open,2026-08-13,2026-11-17,single-stage,20000000,HORIZON JU Research and Innovation Actions,https://ec.europa.eu/info/funding-tenders/opportunities/portal/screen/opportunities/topic-details/HORIZON-JU-EUROHPC-2026-NAPT-11-01
EUBA-2024-PLANTS-04,EUBA,forthcoming,2024-10-31,2025-01-30,single-stage,1000000,EUBA Type of Action,https://ec.europa.eu/info/funding-tenders/opportunities/data/topicDetails/EUBA-2024-PLANTS-04.json
HORIZON-RAISE-2026-01-03,Horizon Europe,open,2026-05-28,2026-11-24,single-stage,90000000,HORIZON TMA MSCA Doctoral NetworksHORIZON TMA MSCA Doctoral Networks - Joint DoctoratesHORIZON TMA MSCA Doctoral Networks - Industrial Doctorates,https://ec.europa.eu/info/funding-tenders/opportunities/portal/screen/opportunities/topic-details/HORIZON-RAISE-2026-01-03
ISF-2026-TF2-AG-CYBER-STANDARD,ISF,open,2026-09-15,2026-12-15,single-stage,12400000,ISF Project Grants,https://ec.europa.eu/info/funding-tenders/opportunities/portal/screen/opportunities/topic-details/ISF-2026-TF2-AG-CYBER-STANDARD
EuropeAid/187605/DD/ACT/ID,NDICI / EuropeAid,open,2026-09-01,2026-11-03,,,,https://webgate.ec.europa.eu/prospect/external/publishedcalls.htm?callId=187605
EuropeAid/187764/DD/ACT/UA,NDICI / EuropeAid,open,2026-09-24,2026-11-19,,,,https://ec.europa.eu/info/funding-tenders/opportunities/portal/screen/opportunities/topic-details/187764PROSPECTSEN
EuropeAid/186989/DD/ACT/BJ,NDICI / EuropeAid,open,2026-07-21,2026-10-21,,,,https://webgate.ec.europa.eu/prospect/external/publishedcalls.htm?callId=186989
EuropeAid/186824/DD/ACT/PS,NDICI / EuropeAid,open,2026-06-17,2026-10-12,,,,https://ec.europa.eu/info/funding-tenders/opportunities/portal/screen/opportunities/topic-details/186824PROSPECTSEN
EuropeAid/187109/DD/ACT/VN,NDICI / EuropeAid,open,2026-09-07,2026-10-30,,,,https://webgate.ec.europa.eu/prospect/external/publishedcalls.htm?callId=187109
EuropeAid/187801/DD/ACT/ET,NDICI / EuropeAid,open,2026-09-25,2026-11-20,,,,https://webgate.ec.europa.eu/prospect/external/publishedcalls.htm?callId=187801
EuropeAid/187397/DD/ACT/BJ,NDICI / EuropeAid,open,2026-09-25,2026-11-17,,,,https://webgate.ec.europa.eu/prospect/external/publishedcalls.htm?callId=187397
CERV-2026-CITIZENS-REM-TRANSITION,CERV,forthcoming,2026-10-21,2027-02-24,single-stage,140000000,CERV Lump Sum Grants,https://ec.europa.eu/info/funding-tenders/opportunities/portal/screen/opportunities/topic-details/CERV-2026-CITIZENS-REM-TRANSITION
HORIZON-CL6-2026-04-GOVERNANCE-01,Horizon Europe,open,2026-08-25,2026-11-26,single-stage,60000000,HORIZON Programme Cofund Actions,https://ec.europa.eu/info/funding-tenders/opportunities/portal/screen/opportunities/topic-details/HORIZON-CL6-2026-04-GOVERNANCE-01
HORIZON-MISS-2027-05-SOIL-05-two-stage,Horizon Europe,forthcoming,2027-02-04,2027-04-08,two-stage,94800000,HORIZON Innovation Actions,https://ec.europa.eu/info/funding-tenders/opportunities/portal/screen/opportunities/topic-details/HORIZON-MISS-2027-05-SOIL-05-two-stage
HORIZON-EURATOM-2027-01-01,Horizon Europe,open,2026-09-15,2027-03-04,single-stage,32000000,EURATOM Innovation Actions,https://ec.europa.eu/info/funding-tenders/opportunities/portal/screen/opportunities/topic-details/HORIZON-EURATOM-2027-01-01
HORIZON-MISS-2027-05-SOIL-03-two-stage,Horizon Europe,forthcoming,2027-02-04,2027-04-08,two-stage,94800000,HORIZON Innovation Actions,https://ec.europa.eu/info/funding-tenders/opportunities/portal/screen/opportunities/topic-details/HORIZON-MISS-2027-05-SOIL-03-two-stage
EDF-EDIP-P-2026-2027-FNLC-SA-SEAP,European Defence Fund,forthcoming,2026-10-13,2026-11-12,multiple cut-off,10000000,EDF Lump Sum Grants,https://ec.europa.eu/info/funding-tenders/opportunities/portal/screen/opportunities/topic-details/EDF-EDIP-P-2026-2027-FNLC-SA-SEAP
EDF-EDIP-USI-2026-LS-IRA-MAB,European Defence Fund,open,2026-06-17,2026-11-10,single-stage,180000000,EDF Lump Sum Grants,https://ec.europa.eu/info/funding-tenders/opportunities/portal/screen/opportunities/topic-details/EDF-EDIP-USI-2026-LS-IRA-MAB
HORIZON-MISS-2027-05-SOIL-02-two-stage,Horizon Europe,forthcoming,2027-02-04,2027-04-08,two-stage,94800000,HORIZON  Research and Innovation Actions,https://ec.europa.eu/info/funding-tenders/opportunities/portal/screen/opportunities/topic-details/HORIZON-MISS-2027-05-SOIL-02-two-stage
HORIZON-EURATOM-2027-02-01,Horizon Europe,forthcoming,2027-04-15,2027-11-04,single-stage,45000000,EURATOM Innovation Actions,https://ec.europa.eu/info/funding-tenders/opportunities/portal/screen/opportunities/topic-details/HORIZON-EURATOM-2027-02-01
ERC-2027-STG,ERC,open,2026-07-22,2026-10-14,single-stage,594100000,HORIZON ERC Grants,https://ec.europa.eu/info/funding-tenders/opportunities/portal/screen/opportunities/topic-details/ERC-2027-STG
HORIZON-MISS-2027-05-SOIL-01-two-stage,Horizon Europe,forthcoming,2027-02-04,2027-04-08,two-stage,94800000,HORIZON  Research and Innovation Actions,https://ec.europa.eu/info/funding-tenders/opportunities/portal/screen/opportunities/topic-details/HORIZON-MISS-2027-05-SOIL-01-two-stage
EDF-EDIP-P-2027-FNLC-CPA-AMDS,European Defence Fund,open,2026-06-17,2027-02-16,single-stage,450000000,EDF Lump Sum Grants,https://ec.europa.eu/info/funding-tenders/opportunities/portal/screen/opportunities/topic-details/EDF-EDIP-P-2027-FNLC-CPA-AMDS
HORIZON-MISS-2027-05-SOIL-06-two-stage,Horizon Europe,forthcoming,2027-02-04,2027-04-08,two-stage,94800000,HORIZON  Research and Innovation Actions,https://ec.europa.eu/info/funding-tenders/opportunities/portal/screen/opportunities/topic-details/HORIZON-MISS-2027-05-SOIL-06-two-stage
HORIZON-MISS-2027-01-CLIMA-01,Horizon Europe,forthcoming,2027-02-09,2027-09-21,single-stage,84323812.37,HORIZON Innovation Actions,https://ec.europa.eu/info/funding-tenders/opportunities/portal/screen/opportunities/topic-details/HORIZON-MISS-2027-01-CLIMA-01
HORIZON-MISS-2027-06-SOIL-CANCER,Horizon Europe,forthcoming,2027-02-04,2027-09-21,single-stage,24000000,HORIZON  Research and Innovation Actions,https://ec.europa.eu/info/funding-tenders/opportunities/portal/screen/opportunities/topic-details/HORIZON-MISS-2027-06-SOIL-CANCER
HORIZON-MISS-2027-05-SOIL-04-two-stage,Horizon Europe,forthcoming,2027-02-04,2027-04-08,two-stage,94800000,HORIZON  Research and Innovation Actions,https://ec.europa.eu/info/funding-tenders/opportunities/portal/screen/opportunities/topic-details/HORIZON-MISS-2027-05-SOIL-04-two-stage
HORIZON-NATURE-2027-01-01,Horizon Europe,forthcoming,2026-10-13,2027-01-14,single-stage,41449484.74,HORIZON  Research and Innovation Actions,https://ec.europa.eu/info/funding-tenders/opportunities/portal/screen/opportunities/topic-details/HORIZON-NATURE-2027-01-01
HORIZON-MISS-2027-04-CIT-05,Horizon Europe,forthcoming,2027-02-09,2027-10-07,single-stage,92323812,HORIZON Pre-commercial Procurement,https://ec.europa.eu/info/funding-tenders/opportunities/portal/screen/opportunities/topic-details/HORIZON-MISS-2027-04-CIT-05
HORIZON-MISS-2027-01-CLIMA-02,Horizon Europe,forthcoming,2027-02-09,2027-09-21,single-stage,84323812.37,HORIZON  Research and Innovation Actions,https://ec.europa.eu/info/funding-tenders/opportunities/portal/screen/opportunities/topic-details/HORIZON-MISS-2027-01-CLIMA-02
HORIZON-MISS-2027-03-OCEAN-04,Horizon Europe,forthcoming,2027-02-09,2027-09-21,single-stage,100400000,HORIZON Innovation Actions,https://ec.europa.eu/info/funding-tenders/opportunities/portal/screen/opportunities/topic-details/HORIZON-MISS-2027-03-OCEAN-04
HORIZON-BRIDGING-2027-01-12,Horizon Europe,forthcoming,2026-10-20,2027-02-16,single-stage,55000000,HORIZON Innovation Actions,https://ec.europa.eu/info/funding-tenders/opportunities/portal/screen/opportunities/topic-details/HORIZON-BRIDGING-2027-01-12
HORIZON-BRIDGING-2027-01-09,Horizon Europe,forthcoming,2026-10-20,2027-02-16,single-stage,55000000,HORIZON Innovation Actions,https://ec.europa.eu/info/funding-tenders/opportunities/portal/screen/opportunities/topic-details/HORIZON-BRIDGING-2027-01-09
DIGITAL-ECCC-2027-DEPLOY-CYBER-11-CYBERAI,Digital Europe,open,2026-09-01,2027-01-14,single-stage,96000000,DIGITAL JU Simple Grants,https://ec.europa.eu/info/funding-tenders/opportunities/portal/screen/opportunities/topic-details/DIGITAL-ECCC-2027-DEPLOY-CYBER-11-CYBERAI
HORIZON-NATURE-2027-01-03,Horizon Europe,forthcoming,2026-10-13,2027-01-14,single-stage,41449484.74,HORIZON  Research and Innovation Actions,https://ec.europa.eu/info/funding-tenders/opportunities/portal/screen/opportunities/topic-details/HORIZON-NATURE-2027-01-03
DIGITAL-ECCC-2027-DEPLOY-CYBER-11-AI4SME,Digital Europe,open,2026-09-01,2027-01-14,single-stage,96000000,DIGITAL JU SME Support Actions,https://ec.europa.eu/info/funding-tenders/opportunities/portal/screen/opportunities/topic-details/DIGITAL-ECCC-2027-DEPLOY-CYBER-11-AI4SME
DIGITAL-ECCC-2027-DEPLOY-CYBER-11-COORDPREP,Digital Europe,open,2026-09-01,2027-01-14,single-stage,96000000,DIGITAL JU Simple Grants,https://ec.europa.eu/info/funding-tenders/opportunities/portal/screen/opportunities/topic-details/DIGITAL-ECCC-2027-DEPLOY-CYBER-11-COORDPREP
HORIZON-BRIDGING-2027-02-05,Horizon Europe,forthcoming,2026-10-20,2027-01-28,single-stage,32500000,HORIZON Innovation Actions,https://ec.europa.eu/info/funding-tenders/opportunities/portal/screen/opportunities/topic-details/HORIZON-BRIDGING-2027-02-05
HORIZON-MISS-2027-03-OCEAN-05,Horizon Europe,forthcoming,2027-02-09,2027-09-21,single-stage,100400000,HORIZON Innovation Actions,https://ec.europa.eu/info/funding-tenders/opportunities/portal/screen/opportunities/topic-details/HORIZON-MISS-2027-03-OCEAN-05
HORIZON-BRIDGING-2027-06-02,Horizon Europe,forthcoming,2026-10-20,2027-02-16,single-stage,20000000,HORIZON  Research and Innovation Actions,https://ec.europa.eu/info/funding-tenders/opportunities/portal/screen/opportunities/topic-details/HORIZON-BRIDGING-2027-06-02
HORIZON-JU-EUROHPC-2026-NQKD-12-01,Horizon Europe,open,2026-08-13,2026-11-17,single-stage,24000000,HORIZON JU Research and Innovation Actions,https://ec.europa.eu/info/funding-tenders/opportunities/portal/screen/opportunities/topic-details/HORIZON-JU-EUROHPC-2026-NQKD-12-01
DIGITAL-ECCC-2027-DEPLOY-CYBER-11-EULEG,Digital Europe,open,2026-09-01,2027-01-14,single-stage,96000000,DIGITAL JU Simple Grants,https://ec.europa.eu/info/funding-tenders/opportunities/portal/screen/opportunities/topic-details/DIGITAL-ECCC-2027-DEPLOY-CYBER-11-EULEG
DIGITAL-ECCC-2027-DEPLOY-CYBER-11-DUALUSE,Digital Europe,open,2026-09-01,2027-01-14,single-stage,96000000,DIGITAL JU Simple Grants,https://ec.europa.eu/info/funding-tenders/opportunities/portal/screen/opportunities/topic-details/DIGITAL-ECCC-2027-DEPLOY-CYBER-11-DUALUSE
HORIZON-NATURE-2027-02-05,Horizon Europe,forthcoming,2026-10-13,2027-01-14,single-stage,108000000,HORIZON  Research and Innovation Actions,https://ec.europa.eu/info/funding-tenders/opportunities/portal/screen/opportunities/topic-details/HORIZON-NATURE-2027-02-05
HORIZON-MISS-2027-03-OCEAN-02,Horizon Europe,forthcoming,2027-02-09,2027-09-21,single-stage,100400000,HORIZON Innovation Actions,https://ec.europa.eu/info/funding-tenders/opportunities/portal/screen/opportunities/topic-details/HORIZON-MISS-2027-03-OCEAN-02
CERV-2026-CITIZENS-REM-GENCRIME-1,CERV,forthcoming,2026-10-21,2027-02-24,single-stage,140000000,CERV Lump Sum Grants,https://ec.europa.eu/info/funding-tenders/opportunities/portal/screen/opportunities/topic-details/CERV-2026-CITIZENS-REM-GENCRIME-1
HORIZON-BRIDGING-2027-03-07,Horizon Europe,forthcoming,2027-03-09,2027-06-15,single-stage,30500000,HORIZON Coordination and Support Actions,https://ec.europa.eu/info/funding-tenders/opportunities/portal/screen/opportunities/topic-details/HORIZON-BRIDGING-2027-03-07
HORIZON-BRIDGING-2027-03-06,Horizon Europe,forthcoming,2027-03-09,2027-06-15,single-stage,30500000,HORIZON  Research and Innovation Actions,https://ec.europa.eu/info/funding-tenders/opportunities/portal/screen/opportunities/topic-details/HORIZON-BRIDGING-2027-03-06
HORIZON-BRIDGING-2027-01-10,Horizon Europe,forthcoming,2026-10-20,2027-02-16,single-stage,55000000,HORIZON Innovation Actions,https://ec.europa.eu/info/funding-tenders/opportunities/portal/screen/opportunities/topic-details/HORIZON-BRIDGING-2027-01-10
HORIZON-NATURE-2027-02-01,Horizon Europe,forthcoming,2026-10-13,2027-01-14,single-stage,108000000,HORIZON  Research and Innovation Actions,https://ec.europa.eu/info/funding-tenders/opportunities/portal/screen/opportunities/topic-details/HORIZON-NATURE-2027-02-01
HORIZON-NATURE-2027-02-02,Horizon Europe,forthcoming,2026-10-13,2027-01-14,single-stage,108000000,HORIZON  Research and Innovation Actions,https://ec.europa.eu/info/funding-tenders/opportunities/portal/screen/opportunities/topic-details/HORIZON-NATURE-2027-02-02
HORIZON-BRIDGING-2027-01-13,Horizon Europe,forthcoming,2026-10-20,2027-02-16,single-stage,55000000,HORIZON  Research and Innovation Actions,https://ec.europa.eu/info/funding-tenders/opportunities/portal/screen/opportunities/topic-details/HORIZON-BRIDGING-2027-01-13
HORIZON-BRIDGING-2027-03-04,Horizon Europe,forthcoming,2027-03-09,2027-06-15,single-stage,30500000,HORIZON  Research and Innovation Actions,https://ec.europa.eu/info/funding-tenders/opportunities/portal/screen/opportunities/topic-details/HORIZON-BRIDGING-2027-03-04
HORIZON-MISS-2027-03-OCEAN-03,Horizon Europe,forthcoming,2027-02-09,2027-09-21,single-stage,100400000,HORIZON Innovation Actions,https://ec.europa.eu/info/funding-tenders/opportunities/portal/screen/opportunities/topic-details/HORIZON-MISS-2027-03-OCEAN-03
CERV-2026-CITIZENS-REM-GENCRIME-2,CERV,forthcoming,2026-10-21,2027-02-24,single-stage,140000000,CERV Lump Sum Grants,https://ec.europa.eu/info/funding-tenders/opportunities/portal/screen/opportunities/topic-details/CERV-2026-CITIZENS-REM-GENCRIME-2
HORIZON-MISS-2027-03-OCEAN-01,Horizon Europe,forthcoming,2027-02-09,2027-09-21,single-stage,100400000,HORIZON Innovation Actions,https://ec.europa.eu/info/funding-tenders/opportunities/portal/screen/opportunities/topic-details/HORIZON-MISS-2027-03-OCEAN-01
DIGITAL-ECCC-2027-DEPLOY-CYBER-11-REGCABH,Digital Europe,open,2026-09-01,2027-01-14,single-stage,96000000,DIGITAL JU Simple Grants,https://ec.europa.eu/info/funding-tenders/opportunities/portal/screen/opportunities/topic-details/DIGITAL-ECCC-2027-DEPLOY-CYBER-11-REGCABH
DIGITAL-ECCC-2027-DEPLOY-CYBER-11-NCC,Digital Europe,open,2026-09-01,2027-01-14,single-stage,96000000,DIGITAL JU Simple Grants,https://ec.europa.eu/info/funding-tenders/opportunities/portal/screen/opportunities/topic-details/DIGITAL-ECCC-2027-DEPLOY-CYBER-11-NCC
HORIZON-NATURE-2027-02-03,Horizon Europe,forthcoming,2026-10-13,2027-01-14,single-stage,108000000,HORIZON Coordination and Support Actions,https://ec.europa.eu/info/funding-tenders/opportunities/portal/screen/opportunities/topic-details/HORIZON-NATURE-2027-02-03
HORIZON-NATURE-2027-01-02,Horizon Europe,forthcoming,2026-10-13,2027-01-14,single-stage,41449484.74,HORIZON  Research and Innovation Actions,https://ec.europa.eu/info/funding-tenders/opportunities/portal/screen/opportunities/topic-details/HORIZON-NATURE-2027-01-02
HORIZON-NATURE-2027-02-04,Horizon Europe,forthcoming,2026-10-13,2027-01-14,single-stage,108000000,HORIZON Innovation Actions,https://ec.europa.eu/info/funding-tenders/opportunities/portal/screen/opportunities/topic-details/HORIZON-NATURE-2027-02-04
HORIZON-EIC-2026-ACCELERATOR-01,Horizon Europe,open,2025-11-06,2026-12-17,,,HORIZON EIC Accelerator,https://ec.europa.eu/info/funding-tenders/opportunities/portal/screen/opportunities/topic-details/HORIZON-EIC-2026-ACCELERATOR-01
HORIZON-NATURE-2027-03-01,Horizon Europe,forthcoming,2027-06-03,2027-09-16,single-stage,20000000,HORIZON  Research and Innovation Actions,https://ec.europa.eu/info/funding-tenders/opportunities/portal/screen/opportunities/topic-details/HORIZON-NATURE-2027-03-01
HORIZON-CL2-2026-02-TRANSFO-01,Horizon Europe,open,2026-05-12,2026-10-13,single-stage,60000000,HORIZON Programme Cofund Actions,https://ec.europa.eu/info/funding-tenders/opportunities/portal/screen/opportunities/topic-details/HORIZON-CL2-2026-02-TRANSFO-01
HORIZON-CL4-2027-05-DIGITAL-EMERGING-03,Horizon Europe,forthcoming,2026-11-17,2027-03-18,single-stage,25000000,HORIZON  Research and Innovation Actions,https://ec.europa.eu/info/funding-tenders/opportunities/portal/screen/opportunities/topic-details/HORIZON-CL4-2027-05-DIGITAL-EMERGING-03
HORIZON-CL5-2026-11-D3-14,Horizon Europe,open,2026-08-04,2026-12-01,single-stage,131500000,HORIZON Innovation Actions,https://ec.europa.eu/info/funding-tenders/opportunities/portal/screen/opportunities/topic-details/HORIZON-CL5-2026-11-D3-14
HORIZON-CL5-2026-11-D3-23,Horizon Europe,open,2026-08-04,2026-12-01,single-stage,131500000,HORIZON Innovation Actions,https://ec.europa.eu/info/funding-tenders/opportunities/portal/screen/opportunities/topic-details/HORIZON-CL5-2026-11-D3-23
SMP-FOOD-2026-FW-STAKEHOLDERS-PJ,Single Market Programme,open,2026-06-16,2026-10-15,single-stage,,SMP Project Grants,https://ec.europa.eu/info/funding-tenders/opportunities/portal/screen/opportunities/topic-details/SMP-FOOD-2026-FW-STAKEHOLDERS-PJ
EDF-EDIP-P-2027-FNLC-CPA-GNPS,European Defence Fund,open,2026-06-17,2027-02-16,single-stage,450000000,EDF Lump Sum Grants,https://ec.europa.eu/info/funding-tenders/opportunities/portal/screen/opportunities/topic-details/EDF-EDIP-P-2027-FNLC-CPA-GNPS
EDF-EDIP-P-2027-FNLC-CPA-C5ISRS,European Defence Fund,open,2026-06-17,2027-02-16,single-stage,450000000,EDF Lump Sum Grants,https://ec.europa.eu/info/funding-tenders/opportunities/portal/screen/opportunities/topic-details/EDF-EDIP-P-2027-FNLC-CPA-C5ISRS
HORIZON-EIC-2026-PATHFINDERCHALLENGES-01-03,Horizon Europe,open,2026-07-22,2026-10-28,single-stage,288000000,HORIZON EIC Grants,https://ec.europa.eu/info/funding-tenders/opportunities/portal/screen/opportunities/topic-details/HORIZON-EIC-2026-PATHFINDERCHALLENGES-01-03
HORIZON-CL5-2026-11-D3-05,Horizon Europe,open,2026-08-04,2026-12-01,single-stage,131500000,HORIZON Innovation Actions,https://ec.europa.eu/info/funding-tenders/opportunities/portal/screen/opportunities/topic-details/HORIZON-CL5-2026-11-D3-05
CERV-2026-DAPHNE-CHILDREN,CERV,open,2026-07-07,2026-11-05,single-stage,105000000,CERV Lump Sum Grants,https://ec.europa.eu/info/funding-tenders/opportunities/portal/screen/opportunities/topic-details/CERV-2026-DAPHNE-CHILDREN
CERV-2026-DAPHNE-PROTECTION,CERV,open,2026-07-07,2026-11-05,single-stage,105000000,CERV Lump Sum Grants,https://ec.europa.eu/info/funding-tenders/opportunities/portal/screen/opportunities/topic-details/CERV-2026-DAPHNE-PROTECTION
HORIZON-NEB-2026-01-PARTICIPATION-03,Horizon Europe,open,2026-05-05,2026-12-01,single-stage,101100000,HORIZON  Research and Innovation Actions,https://ec.europa.eu/info/funding-tenders/opportunities/portal/screen/opportunities/topic-details/HORIZON-NEB-2026-01-PARTICIPATION-03
CERV-2026-DAPHNE-REGRANTING,CERV,open,2026-07-07,2026-11-05,single-stage,105000000,CERV Lump Sum Grants,https://ec.europa.eu/info/funding-tenders/opportunities/portal/screen/opportunities/topic-details/CERV-2026-DAPHNE-REGRANTING
EDF-EDIP-P-2026-FNLC-CPA-CDS,European Defence Fund,open,2026-04-30,2026-10-13,single-stage,180000000,EDF Lump Sum Grants,https://ec.europa.eu/info/funding-tenders/opportunities/portal/screen/opportunities/topic-details/EDF-EDIP-P-2026-FNLC-CPA-CDS
CERV-2026-DAPHNE-PREVENTION,CERV,open,2026-07-07,2026-11-05,single-stage,105000000,CERV Lump Sum Grants,https://ec.europa.eu/info/funding-tenders/opportunities/portal/screen/opportunities/topic-details/CERV-2026-DAPHNE-PREVENTION
CERV-2026-DAPHNE-CONVENTION-DIR,CERV,open,2026-07-07,2026-11-05,single-stage,105000000,CERV Lump Sum Grants,https://ec.europa.eu/info/funding-tenders/opportunities/portal/screen/opportunities/topic-details/CERV-2026-DAPHNE-CONVENTION-DIR
EDF-EDIP-P-2026-FNLC-CPA-AMEW,European Defence Fund,open,2026-04-30,2026-10-13,single-stage,180000000,EDF Lump Sum Grants,https://ec.europa.eu/info/funding-tenders/opportunities/portal/screen/opportunities/topic-details/EDF-EDIP-P-2026-FNLC-CPA-AMEW
HORIZON-EIC-2026-PATHFINDERCHALLENGES-01-01,Horizon Europe,open,2026-07-22,2026-10-28,single-stage,288000000,HORIZON EIC Grants,https://ec.europa.eu/info/funding-tenders/opportunities/portal/screen/opportunities/topic-details/HORIZON-EIC-2026-PATHFINDERCHALLENGES-01-01
HORIZON-JU-EUROHPC-2026-QML-07-01,Horizon Europe,open,2026-06-02,2027-01-28,single-stage,6000000,HORIZON JU Research and Innovation Actions,https://ec.europa.eu/info/funding-tenders/opportunities/portal/screen/opportunities/topic-details/HORIZON-JU-EUROHPC-2026-QML-07-01
HORIZON-HLTH-2026-03-DISEASE-13,Horizon Europe,forthcoming,2027-02-10,2027-04-13,single-stage,63000000,HORIZON Programme Cofund Actions,https://ec.europa.eu/info/funding-tenders/opportunities/portal/screen/opportunities/topic-details/HORIZON-HLTH-2026-03-DISEASE-13
HORIZON-EIC-2026-DEFENCE-01,Horizon Europe,open,2026-06-30,2026-10-28,single-stage,100000000,HORIZON EIC Equity Only,https://ec.europa.eu/info/funding-tenders/opportunities/portal/screen/opportunities/topic-details/HORIZON-EIC-2026-DEFENCE-01
HORIZON-CL5-2026-11-D3-06,Horizon Europe,open,2026-08-04,2026-12-01,single-stage,131500000,HORIZON  Research and Innovation Actions,https://ec.europa.eu/info/funding-tenders/opportunities/portal/screen/opportunities/topic-details/HORIZON-CL5-2026-11-D3-06
HORIZON-CL5-2026-11-D3-04,Horizon Europe,open,2026-08-04,2026-12-01,single-stage,131500000,HORIZON Pre-commercial Procurement,https://ec.europa.eu/info/funding-tenders/opportunities/portal/screen/opportunities/topic-details/HORIZON-CL5-2026-11-D3-04
EDF-EDIP-USI-2027-LS-IRA-CUXS,European Defence Fund,open,2026-06-17,2027-02-16,single-stage,80000000,EDF Lump Sum Grants,https://ec.europa.eu/info/funding-tenders/opportunities/portal/screen/opportunities/topic-details/EDF-EDIP-USI-2027-LS-IRA-CUXS
CERV-2026-CITIZENS-REM-HISTMIGRATION,CERV,forthcoming,2026-10-21,2027-02-24,single-stage,140000000,CERV Lump Sum Grants,https://ec.europa.eu/info/funding-tenders/opportunities/portal/screen/opportunities/topic-details/CERV-2026-CITIZENS-REM-HISTMIGRATION
CREA-MEDIA-2027-AUDFILMEDU,Creative Europe,open,2026-09-30,2027-03-02,single-stage,7000000,CREA Project Grants,https://ec.europa.eu/info/funding-tenders/opportunities/portal/screen/opportunities/topic-details/CREA-MEDIA-2027-AUDFILMEDU
CERV-2026-CITIZENS-REM-HOLOCAUSTJEW,CERV,forthcoming,2026-10-21,2027-02-24,single-stage,140000000,CERV Lump Sum Grants,https://ec.europa.eu/info/funding-tenders/opportunities/portal/screen/opportunities/topic-details/CERV-2026-CITIZENS-REM-HOLOCAUSTJEW
ISF-2026-TF2-AG-CYBER-DIGITAL,ISF,open,2026-09-15,2026-12-15,single-stage,12400000,ISF Project Grants,https://ec.europa.eu/info/funding-tenders/opportunities/portal/screen/opportunities/topic-details/ISF-2026-TF2-AG-CYBER-DIGITAL
HORIZON-WIDERA-2023-TALENTS-02-01,Horizon Europe,open,2023-04-12,2023-09-13,single-stage,,HORIZON TMA MSCA Postdoctoral Fellowships - European Fellowships,https://ec.europa.eu/info/funding-tenders/opportunities/data/topicDetails/HORIZON-WIDERA-2023-TALENTS-02-01.json
HORIZON-WIDERA-2023-TALENTS-01-01,Horizon Europe,forthcoming,2023-09-28,2024-03-07,single-stage,,HORIZON Coordination and Support Actions,https://ec.europa.eu/info/funding-tenders/opportunities/data/topicDetails/HORIZON-WIDERA-2023-TALENTS-01-01.json
InnovFund-2022-SSC,Innovation Fund,open,2023-03-30,2023-09-19,single-stage,,INNOVFUND Lump Sum Grants,https://ec.europa.eu/info/funding-tenders/opportunities/data/topicDetails/InnovFund-2022-SSC.json
HORIZON-WIDERA-2023-ACCESS-05-01,Horizon Europe,open,2023-04-26,2023-09-28,single-stage,,HORIZON Coordination and Support Actions,https://ec.europa.eu/info/funding-tenders/opportunities/data/topicDetails/HORIZON-WIDERA-2023-ACCESS-05-01.json
HORIZON-WIDERA-2023-ACCESS-02-01,Horizon Europe,open,2023-04-25,2023-09-28,single-stage,,HORIZON Coordination and Support Actions,https://ec.europa.eu/info/funding-tenders/opportunities/data/topicDetails/HORIZON-WIDERA-2023-ACCESS-02-01.json
HORIZON-WIDERA-2023-ACCESS-02-02,Horizon Europe,open,2023-04-25,2023-09-28,single-stage,,HORIZON Coordination and Support Actions,https://ec.europa.eu/info/funding-tenders/opportunities/data/topicDetails/HORIZON-WIDERA-2023-ACCESS-02-02.json
HORIZON-WIDERA-2023-ACCESS-04-01,Horizon Europe,open,2023-03-28,2023-09-28,single-stage,,HORIZON Coordination and Support Actions,https://ec.europa.eu/info/funding-tenders/opportunities/data/topicDetails/HORIZON-WIDERA-2023-ACCESS-04-01.json
HORIZON-CL4-2024-SPACE-01-36,Horizon Europe,forthcoming,2023-11-21,2024-02-20,single-stage,,HORIZON  Research and Innovation Actions,https://ec.europa.eu/info/funding-tenders/opportunities/data/topicDetails/HORIZON-CL4-2024-SPACE-01-36.json
HORIZON-CL4-2024-TWIN-TRANSITION-01-41,Horizon Europe,forthcoming,2023-09-19,2024-02-07,single-stage,,HORIZON  Research and Innovation Actions,https://ec.europa.eu/info/funding-tenders/opportunities/data/topicDetails/HORIZON-CL4-2024-TWIN-TRANSITION-01-41.json
HORIZON-CL4-2024-TWIN-TRANSITION-01-38,Horizon Europe,forthcoming,2023-09-19,2024-02-07,single-stage,,HORIZON Innovation Actions,https://ec.europa.eu/info/funding-tenders/opportunities/data/topicDetails/HORIZON-CL4-2024-TWIN-TRANSITION-01-38.json
HORIZON-MSCA-2023-CITIZENS-01-01,Horizon Europe,forthcoming,2023-06-20,2023-10-25,single-stage,,HORIZON Coordination and Support Actions,https://ec.europa.eu/info/funding-tenders/opportunities/data/topicDetails/HORIZON-MSCA-2023-CITIZENS-01-01.json
CEF-T-2021-AFIFCOEN-WORKS-LNG,Connecting Europe Facility,open,2021-09-16,2022-01-19,multiple cut-off,,CEF Infrastructure Projects,https://ec.europa.eu/info/funding-tenders/opportunities/data/topicDetails/CEF-T-2021-AFIFCOEN-WORKS-LNG.json
HORIZON-CL3-2024-FCT-01-05,Horizon Europe,forthcoming,2024-06-27,2024-11-20,single-stage,,HORIZON Innovation Actions,https://ec.europa.eu/info/funding-tenders/opportunities/data/topicDetails/HORIZON-CL3-2024-FCT-01-05.json
CEF-T-2021-AFIFCOEN-WORKS-ZE,Connecting Europe Facility,open,2021-09-16,2022-01-19,multiple cut-off,,CEF Infrastructure Projects,https://ec.europa.eu/info/funding-tenders/opportunities/data/topicDetails/CEF-T-2021-AFIFCOEN-WORKS-ZE.json
CEF-T-2021-AFIFGEN-WORKS-LNG,Connecting Europe Facility,open,2021-09-16,2022-01-19,multiple cut-off,,CEF Infrastructure Projects,https://ec.europa.eu/info/funding-tenders/opportunities/data/topicDetails/CEF-T-2021-AFIFGEN-WORKS-LNG.json
LIFE-2023-CET-PRIVAFIN,LIFE,open,2023-05-11,2023-11-16,single-stage,,LIFE Project Grants,https://ec.europa.eu/info/funding-tenders/opportunities/data/topicDetails/LIFE-2023-CET-PRIVAFIN.json
HORIZON-EURATOM-2023-NRT-01-01,Horizon Europe,open,2023-04-04,2023-11-08,single-stage,,EURATOM Research and Innovation Actions,https://ec.europa.eu/info/funding-tenders/opportunities/data/topicDetails/HORIZON-EURATOM-2023-NRT-01-01.json
LIFE-2023-CET-DHC,LIFE,open,2023-05-11,2023-11-16,single-stage,,LIFE Project Grants,https://ec.europa.eu/info/funding-tenders/opportunities/data/topicDetails/LIFE-2023-CET-DHC.json
HORIZON-EURATOM-2023-NRT-01-07,Horizon Europe,open,2023-04-04,2023-11-08,single-stage,,EURATOM Innovation Actions,https://ec.europa.eu/info/funding-tenders/opportunities/data/topicDetails/HORIZON-EURATOM-2023-NRT-01-07.json
LIFE-2023-CET-OSS,LIFE,open,2023-05-11,2023-11-16,single-stage,,LIFE Project Grants,https://ec.europa.eu/info/funding-tenders/opportunities/data/topicDetails/LIFE-2023-CET-OSS.json
HORIZON-EURATOM-2023-NRT-01-02,Horizon Europe,open,2023-04-04,2023-11-08,single-stage,,EURATOM Innovation Actions,https://ec.europa.eu/info/funding-tenders/opportunities/data/topicDetails/HORIZON-EURATOM-2023-NRT-01-02.json
LIFE-2023-CET-EPREL,LIFE,open,2023-05-11,2023-11-16,single-stage,,LIFE Project Grants,https://ec.europa.eu/info/funding-tenders/opportunities/data/topicDetails/LIFE-2023-CET-EPREL.json
HORIZON-CL5-2024-D3-02-05,Horizon Europe,forthcoming,2024-09-17,2025-01-21,single-stage,,HORIZON Innovation Actions,https://ec.europa.eu/info/funding-tenders/opportunities/data/topicDetails/HORIZON-CL5-2024-D3-02-05.json
LIFE-2023-CET-ENERPOV,LIFE,open,2023-05-11,2023-11-16,single-stage,,LIFE Project Grants,https://ec.europa.eu/info/funding-tenders/opportunities/data/topicDetails/LIFE-2023-CET-ENERPOV.json
LIFE-2023-CET-ENERCOMFACILITY,LIFE,open,2023-05-11,2023-11-16,single-stage,,LIFE Project Grants,https://ec.europa.eu/info/funding-tenders/opportunities/data/topicDetails/LIFE-2023-CET-ENERCOMFACILITY.json
LIFE-2023-CET-PDA,LIFE,open,2023-05-11,2023-11-16,single-stage,,LIFE Project Grants,https://ec.europa.eu/info/funding-tenders/opportunities/data/topicDetails/LIFE-2023-CET-PDA.json
LIFE-2023-CET-HEATPUMPS,LIFE,open,2023-05-11,2023-11-16,single-stage,,LIFE Project Grants,https://ec.europa.eu/info/funding-tenders/opportunities/data/topicDetails/LIFE-2023-CET-HEATPUMPS.json
HORIZON-EURATOM-2023-NRT-01-08,Horizon Europe,open,2023-04-04,2023-11-08,single-stage,,EURATOM Innovation Actions,https://ec.europa.eu/info/funding-tenders/opportunities/data/topicDetails/HORIZON-EURATOM-2023-NRT-01-08.json
DIGITAL-ECCC-2023-DEPLOY-CYBER-04-SUPPORT-ASSIST,Digital Europe,open,2023-05-25,2023-09-26,single-stage,,DIGITAL JU Grants for Financial Support,https://ec.europa.eu/info/funding-tenders/opportunities/data/topicDetails/DIGITAL-ECCC-2023-DEPLOY-CYBER-04-SUPPORT-ASSIST.json
LIFE-2023-CET-POLICY,LIFE,open,2023-05-11,2023-11-16,single-stage,,LIFE Project Grants,https://ec.europa.eu/info/funding-tenders/opportunities/data/topicDetails/LIFE-2023-CET-POLICY.json
CEF-T-2021-AFIFGEN-WORKS-ZE,Connecting Europe Facility,open,2021-09-16,2022-01-19,multiple cut-off,,CEF Infrastructure Projects,https://ec.europa.eu/info/funding-tenders/opportunities/data/topicDetails/CEF-T-2021-AFIFGEN-WORKS-ZE.json
HORIZON-CL5-2023-D6-01-05,Horizon Europe,open,2023-05-04,2023-09-05,single-stage,,HORIZON  Research and Innovation Actions,https://ec.europa.eu/info/funding-tenders/opportunities/data/topicDetails/HORIZON-CL5-2023-D6-01-05.json
HORIZON-CL5-2023-D6-01-11,Horizon Europe,open,2023-05-04,2023-09-05,single-stage,,HORIZON  Research and Innovation Actions,https://ec.europa.eu/info/funding-tenders/opportunities/data/topicDetails/HORIZON-CL5-2023-D6-01-11.json
LIFE-2023-CET-BETTERRENO,LIFE,open,2023-05-11,2023-11-16,single-stage,,LIFE Project Grants,https://ec.europa.eu/info/funding-tenders/opportunities/data/topicDetails/LIFE-2023-CET-BETTERRENO.json
HORIZON-EURATOM-2023-NRT-01-04,Horizon Europe,open,2023-04-04,2023-11-08,single-stage,,EURATOM Cofund Actions,https://ec.europa.eu/info/funding-tenders/opportunities/data/topicDetails/HORIZON-EURATOM-2023-NRT-01-04.json
HORIZON-CL5-2023-D3-02-12,Horizon Europe,open,2023-05-04,2023-09-05,single-stage,,HORIZON Innovation Actions,https://ec.europa.eu/info/funding-tenders/opportunities/data/topicDetails/HORIZON-CL5-2023-D3-02-12.json
HORIZON-CL5-2024-D3-01-01,Horizon Europe,forthcoming,2023-09-12,2024-01-16,single-stage,,HORIZON Innovation Actions,https://ec.europa.eu/info/funding-tenders/opportunities/data/topicDetails/HORIZON-CL5-2024-D3-01-01.json
HORIZON-CL5-2023-D3-02-13,Horizon Europe,open,2023-05-04,2023-09-05,single-stage,,HORIZON Innovation Actions,https://ec.europa.eu/info/funding-tenders/opportunities/data/topicDetails/HORIZON-CL5-2023-D3-02-13.json
HORIZON-CL5-2024-D1-01-07,Horizon Europe,forthcoming,2023-09-12,2024-03-05,single-stage,,HORIZON  Research and Innovation Actions,https://ec.europa.eu/info/funding-tenders/opportunities/data/topicDetails/HORIZON-CL5-2024-D1-01-07.json
SOCPL-2023-INFO-WK,EaSI / SOCPL,open,2023-03-08,2023-05-31,single-stage,,SOCPL Project Grants,https://ec.europa.eu/info/funding-tenders/opportunities/data/topicDetails/SOCPL-2023-INFO-WK.json
HORIZON-CL5-2023-D2-02-02,Horizon Europe,open,2023-05-04,2023-09-05,single-stage,,HORIZON  Research and Innovation Actions,https://ec.europa.eu/info/funding-tenders/opportunities/data/topicDetails/HORIZON-CL5-2023-D2-02-02.json
CERV-2023-CITIZENS-CIV,CERV,open,2023-04-04,2023-09-05,single-stage,,CERV Lump Sum Grants,https://ec.europa.eu/info/funding-tenders/opportunities/data/topicDetails/CERV-2023-CITIZENS-CIV.json
HORIZON-CL3-2023-DRS-01-02,Horizon Europe,forthcoming,2023-06-29,2023-11-23,single-stage,,HORIZON  Research and Innovation Actions,https://ec.europa.eu/info/funding-tenders/opportunities/data/topicDetails/HORIZON-CL3-2023-DRS-01-02.json
HORIZON-CL5-2023-D4-02-03,Horizon Europe,open,2023-05-04,2023-09-05,single-stage,,HORIZON Innovation Actions,https://ec.europa.eu/info/funding-tenders/opportunities/data/topicDetails/HORIZON-CL5-2023-D4-02-03.json
HORIZON-CL5-2024-D4-01-02,Horizon Europe,forthcoming,2023-12-07,2024-04-18,single-stage,,HORIZON Innovation Actions,https://ec.europa.eu/info/funding-tenders/opportunities/data/topicDetails/HORIZON-CL5-2024-D4-01-02.json
HORIZON-CL5-2024-D2-01-04,Horizon Europe,forthcoming,2023-12-07,2024-04-18,single-stage,,HORIZON  Research and Innovation Actions,https://ec.europa.eu/info/funding-tenders/opportunities/data/topicDetails/HORIZON-CL5-2024-D2-01-04.json
HORIZON-CL5-2023-D6-01-03,Horizon Europe,open,2023-05-04,2023-09-05,single-stage,,HORIZON Innovation Actions,https://ec.europa.eu/info/funding-tenders/opportunities/data/topicDetails/HORIZON-CL5-2023-D6-01-03.json
HORIZON-CL5-2023-D6-01-04,Horizon Europe,open,2023-05-04,2023-09-05,single-stage,,HORIZON  Research and Innovation Actions,https://ec.europa.eu/info/funding-tenders/opportunities/data/topicDetails/HORIZON-CL5-2023-D6-01-04.json
HORIZON-CL5-2023-D3-03-04,Horizon Europe,open,2023-05-04,2023-10-10,single-stage,,HORIZON Innovation Actions,https://ec.europa.eu/info/funding-tenders/opportunities/data/topicDetails/HORIZON-CL5-2023-D3-03-04.json
HORIZON-CL5-2024-D1-01-04,Horizon Europe,forthcoming,2023-09-12,2024-03-05,single-stage,,HORIZON  Research and Innovation Actions,https://ec.europa.eu/info/funding-tenders/opportunities/data/topicDetails/HORIZON-CL5-2024-D1-01-04.json
HORIZON-CL5-2024-D4-01-03,Horizon Europe,forthcoming,2023-12-07,2024-04-18,single-stage,,HORIZON Innovation Actions,https://ec.europa.eu/info/funding-tenders/opportunities/data/topicDetails/HORIZON-CL5-2024-D4-01-03.json
HORIZON-CL5-2024-D2-01-03,Horizon Europe,forthcoming,2023-12-07,2024-04-18,single-stage,,HORIZON  Research and Innovation Actions,https://ec.europa.eu/info/funding-tenders/opportunities/data/topicDetails/HORIZON-CL5-2024-D2-01-03.json
DIGITAL-ECCC-2023-DEPLOY-CYBER-04-EULEGISLATION,Digital Europe,open,2023-05-25,2023-09-26,single-stage,,DIGITAL JU Simple Grants,https://ec.europa.eu/info/funding-tenders/opportunities/data/topicDetails/DIGITAL-ECCC-2023-DEPLOY-CYBER-04-EULEGISLATION.json
HORIZON-CL5-2023-D3-02-14,Horizon Europe,open,2023-05-04,2023-09-05,single-stage,,HORIZON  Research and Innovation Actions,https://ec.europa.eu/info/funding-tenders/opportunities/data/topicDetails/HORIZON-CL5-2023-D3-02-14.json
LIFE-2023-CET-BUILDSKILLS,LIFE,open,2023-05-11,2023-11-16,single-stage,,LIFE Project Grants,https://ec.europa.eu/info/funding-tenders/opportunities/data/topicDetails/LIFE-2023-CET-BUILDSKILLS.json
HORIZON-EURATOM-2023-NRT-01-05,Horizon Europe,open,2023-04-04,2023-11-08,single-stage,,EURATOM Research and Innovation Actions,https://ec.europa.eu/info/funding-tenders/opportunities/data/topicDetails/HORIZON-EURATOM-2023-NRT-01-05.json
HORIZON-EURATOM-2023-NRT-01-06,Horizon Europe,open,2023-04-04,2023-11-08,single-stage,,EURATOM Research and Innovation Actions,https://ec.europa.eu/info/funding-tenders/opportunities/data/topicDetails/HORIZON-EURATOM-2023-NRT-01-06.json
DIGITAL-ECCC-2023-DEPLOY-CYBER-04-STANDARDISATION,Digital Europe,open,2023-05-25,2023-09-26,single-stage,,DIGITAL JU Coordination and Support Actions,https://ec.europa.eu/info/funding-tenders/opportunities/data/topicDetails/DIGITAL-ECCC-2023-DEPLOY-CYBER-04-STANDARDISATION.json
HORIZON-CL5-2023-D2-02-01,Horizon Europe,open,2023-05-04,2023-09-05,single-stage,,HORIZON Innovation Actions,https://ec.europa.eu/info/funding-tenders/opportunities/data/topicDetails/HORIZON-CL5-2023-D2-02-01.json
I3-2023-INV1,I3,open,2023-05-17,2023-10-17,single-stage,,I3 Project Grants,https://ec.europa.eu/info/funding-tenders/opportunities/data/topicDetails/I3-2023-INV1.json
I3-2023-INV2a,I3,open,2023-05-17,2023-10-17,single-stage,,I3 Project Grants,https://ec.europa.eu/info/funding-tenders/opportunities/data/topicDetails/I3-2023-INV2a.json
HORIZON-CL5-2023-D3-03-02,Horizon Europe,open,2023-05-04,2023-10-10,single-stage,,HORIZON Innovation Actions,https://ec.europa.eu/info/funding-tenders/opportunities/data/topicDetails/HORIZON-CL5-2023-D3-03-02.json
HORIZON-CL5-2024-D3-01-10,Horizon Europe,forthcoming,2023-09-12,2024-01-16,single-stage,,HORIZON  Research and Innovation Actions,https://ec.europa.eu/info/funding-tenders/opportunities/data/topicDetails/HORIZON-CL5-2024-D3-01-10.json
HORIZON-EIC-2023-EUSIC-PRIZES-04,Horizon Europe,open,2023-03-30,2023-05-30,single-stage,,HORIZON Recognition Prize,https://ec.europa.eu/info/funding-tenders/opportunities/data/topicDetails/HORIZON-EIC-2023-EUSIC-PRIZES-04.json
HORIZON-CL5-2024-D3-01-07,Horizon Europe,forthcoming,2023-09-12,2024-01-16,single-stage,,HORIZON  Research and Innovation Actions,https://ec.europa.eu/info/funding-tenders/opportunities/data/topicDetails/HORIZON-CL5-2024-D3-01-07.json
HORIZON-CL3-2024-BM-01-01,Horizon Europe,forthcoming,2024-06-27,2024-11-20,single-stage,,HORIZON  Research and Innovation Actions,https://ec.europa.eu/info/funding-tenders/opportunities/data/topicDetails/HORIZON-CL3-2024-BM-01-01.json
CEF-T-2021-AFIFCOEN-UNITS,Connecting Europe Facility,open,2021-09-16,2022-01-19,multiple cut-off,,CEF AFIF-EVRI Unit Grants,https://ec.europa.eu/info/funding-tenders/opportunities/data/topicDetails/CEF-T-2021-AFIFCOEN-UNITS.json
ESF-2023-EPOCH,ESF+,open,2023-03-16,2023-06-06,single-stage,,ESF Project Grants,https://ec.europa.eu/info/funding-tenders/opportunities/data/topicDetails/ESF-2023-EPOCH.json
HORIZON-CL3-2024-DRS-01-02,Horizon Europe,forthcoming,2024-06-27,2024-11-20,single-stage,,HORIZON  Research and Innovation Actions,https://ec.europa.eu/info/funding-tenders/opportunities/data/topicDetails/HORIZON-CL3-2024-DRS-01-02.json
HORIZON-INFRA-2024-TECH-01-03,Horizon Europe,forthcoming,2023-12-06,2024-03-12,single-stage,,HORIZON  Research and Innovation Actions,https://ec.europa.eu/info/funding-tenders/opportunities/data/topicDetails/HORIZON-INFRA-2024-TECH-01-03.json
HORIZON-CL5-2023-D4-02-05,Horizon Europe,open,2023-05-04,2023-09-05,single-stage,,HORIZON Innovation Actions,https://ec.europa.eu/info/funding-tenders/opportunities/data/topicDetails/HORIZON-CL5-2023-D4-02-05.json
CEF-T-2021-AFIFGEN-UNITS,Connecting Europe Facility,open,2021-09-16,2022-01-19,multiple cut-off,,CEF AFIF-EVRI Unit Grants,https://ec.europa.eu/info/funding-tenders/opportunities/data/topicDetails/CEF-T-2021-AFIFGEN-UNITS.json
HORIZON-MSCA-2024-INCO-01-01,Horizon Europe,forthcoming,2024-05-14,2024-09-04,single-stage,,HORIZON Coordination and Support Actions,https://ec.europa.eu/info/funding-tenders/opportunities/data/topicDetails/HORIZON-MSCA-2024-INCO-01-01.json
HORIZON-MSCA-2023-FTP-01-01,Horizon Europe,open,2023-03-07,2023-06-06,single-stage,,HORIZON Coordination and Support Actions,https://ec.europa.eu/info/funding-tenders/opportunities/data/topicDetails/HORIZON-MSCA-2023-FTP-01-01.json
HORIZON-CL5-2024-D3-02-07,Horizon Europe,forthcoming,2024-09-17,2025-01-21,single-stage,,HORIZON Coordination and Support Actions,https://ec.europa.eu/info/funding-tenders/opportunities/data/topicDetails/HORIZON-CL5-2024-D3-02-07.json
LIFE-2023-CET-BUSINESS,LIFE,open,2023-05-11,2023-11-16,single-stage,,LIFE Project Grants,https://ec.europa.eu/info/funding-tenders/opportunities/data/topicDetails/LIFE-2023-CET-BUSINESS.json
HORIZON-CL5-2024-D3-02-12,Horizon Europe,forthcoming,2024-09-17,2025-01-21,single-stage,,HORIZON Innovation Actions,https://ec.europa.eu/info/funding-tenders/opportunities/data/topicDetails/HORIZON-CL5-2024-D3-02-12.json
HORIZON-EURATOM-2023-NRT-01-03,Horizon Europe,open,2023-04-04,2023-11-08,single-stage,,EURATOM Research and Innovation Actions,https://ec.europa.eu/info/funding-tenders/opportunities/data/topicDetails/HORIZON-EURATOM-2023-NRT-01-03.json
DIGITAL-ECCC-2023-DEPLOY-CYBER-04-CIVIL-DEFENCE,Digital Europe,open,2023-05-25,2023-09-26,single-stage,,DIGITAL JU Coordination and Support Actions,https://ec.europa.eu/info/funding-tenders/opportunities/data/topicDetails/DIGITAL-ECCC-2023-DEPLOY-CYBER-04-CIVIL-DEFENCE.json
HORIZON-CL5-2023-D3-02-05,Horizon Europe,open,2023-05-04,2023-09-05,single-stage,,HORIZON  Research and Innovation Actions,https://ec.europa.eu/info/funding-tenders/opportunities/data/topicDetails/HORIZON-CL5-2023-D3-02-05.json
HORIZON-CL5-2023-D3-02-11,Horizon Europe,open,2023-05-04,2023-09-05,single-stage,,HORIZON  Research and Innovation Actions,https://ec.europa.eu/info/funding-tenders/opportunities/data/topicDetails/HORIZON-CL5-2023-D3-02-11.json
HORIZON-CL5-2023-D3-03-05,Horizon Europe,open,2023-05-04,2023-10-10,single-stage,,HORIZON Innovation Actions,https://ec.europa.eu/info/funding-tenders/opportunities/data/topicDetails/HORIZON-CL5-2023-D3-03-05.json
HORIZON-CL5-2024-D2-02-02,Horizon Europe,forthcoming,2024-05-07,2024-09-05,single-stage,,HORIZON  Research and Innovation Actions,https://ec.europa.eu/info/funding-tenders/opportunities/data/topicDetails/HORIZON-CL5-2024-D2-02-02.json
HORIZON-EIC-2023-EUIPA-PRIZES-03-02,Horizon Europe,open,2023-04-20,2023-08-17,single-stage,,HORIZON Recognition Prize,https://ec.europa.eu/info/funding-tenders/opportunities/data/topicDetails/HORIZON-EIC-2023-EUIPA-PRIZES-03-02.json
HORIZON-CL5-2023-D2-02-03,Horizon Europe,open,2023-05-04,2023-09-05,single-stage,,HORIZON Innovation Actions,https://ec.europa.eu/info/funding-tenders/opportunities/data/topicDetails/HORIZON-CL5-2023-D2-02-03.json
HORIZON-CL5-2023-D6-01-06,Horizon Europe,open,2023-05-04,2023-09-05,single-stage,,HORIZON  Research and Innovation Actions,https://ec.europa.eu/info/funding-tenders/opportunities/data/topicDetails/HORIZON-CL5-2023-D6-01-06.json
HORIZON-EIC-2023-EUIPA-PRIZES-03-01,Horizon Europe,open,2023-04-20,2023-08-17,single-stage,,HORIZON Recognition Prize,https://ec.europa.eu/info/funding-tenders/opportunities/data/topicDetails/HORIZON-EIC-2023-EUIPA-PRIZES-03-01.json
HORIZON-EUROHPC-JU-2023-COE-01-01,Horizon Europe,open,2023-03-08,2023-06-08,single-stage,,HORIZON JU Research and Innovation Actions,https://ec.europa.eu/info/funding-tenders/opportunities/data/topicDetails/HORIZON-EUROHPC-JU-2023-COE-01-01.json
EMFAF-2023-PIA-FisheriesScientificAdvice,EMFAF,open,2023-03-28,2023-09-19,single-stage,,EMFAF Project Grants,https://ec.europa.eu/info/funding-tenders/opportunities/data/topicDetails/EMFAF-2023-PIA-FisheriesScientificAdvice.json
HORIZON-CL5-2024-D3-02-02,Horizon Europe,forthcoming,2024-09-17,2025-01-21,single-stage,,HORIZON  Research and Innovation Actions,https://ec.europa.eu/info/funding-tenders/opportunities/data/topicDetails/HORIZON-CL5-2024-D3-02-02.json
HORIZON-MISS-2023-CLIMA-01-02,Horizon Europe,open,2023-01-10,2023-09-20,single-stage,,HORIZON Innovation Actions,https://ec.europa.eu/info/funding-tenders/opportunities/data/topicDetails/HORIZON-MISS-2023-CLIMA-01-02.json
HORIZON-CL5-2023-D6-01-12,Horizon Europe,open,2023-05-04,2023-09-05,single-stage,,HORIZON  Research and Innovation Actions,https://ec.europa.eu/info/funding-tenders/opportunities/data/topicDetails/HORIZON-CL5-2023-D6-01-12.json
HORIZON-CL5-2024-D4-02-02,Horizon Europe,forthcoming,2024-09-17,2025-01-21,single-stage,,HORIZON  Research and Innovation Actions,https://ec.europa.eu/info/funding-tenders/opportunities/data/topicDetails/HORIZON-CL5-2024-D4-02-02.json
HORIZON-CL5-2023-D6-01-13,Horizon Europe,open,2023-05-04,2023-09-05,single-stage,,HORIZON Coordination and Support Actions,https://ec.europa.eu/info/funding-tenders/opportunities/data/topicDetails/HORIZON-CL5-2023-D6-01-13.json
HORIZON-CL5-2023-D6-01-08,Horizon Europe,open,2023-05-04,2023-09-05,single-stage,,HORIZON Coordination and Support Actions,https://ec.europa.eu/info/funding-tenders/opportunities/data/topicDetails/HORIZON-CL5-2023-D6-01-08.json
CEF-E-2023-PCI-STUDIES,Connecting Europe Facility,open,2023-04-18,2023-09-05,single-stage,,CEF Project Grants,https://ec.europa.eu/info/funding-tenders/opportunities/data/topicDetails/CEF-E-2023-PCI-STUDIES.json
HORIZON-CL5-2024-D3-02-04,Horizon Europe,forthcoming,2024-09-17,2025-01-21,single-stage,,HORIZON  Research and Innovation Actions,https://ec.europa.eu/info/funding-tenders/opportunities/data/topicDetails/HORIZON-CL5-2024-D3-02-04.json
HORIZON-CL5-2023-D3-02-02,Horizon Europe,open,2023-05-04,2023-09-05,single-stage,,HORIZON  Research and Innovation Actions,https://ec.europa.eu/info/funding-tenders/opportunities/data/topicDetails/HORIZON-CL5-2023-D3-02-02.json
HORIZON-CL5-2023-D6-01-09,Horizon Europe,open,2023-05-04,2023-09-05,single-stage,,HORIZON Innovation Actions,https://ec.europa.eu/info/funding-tenders/opportunities/data/topicDetails/HORIZON-CL5-2023-D6-01-09.json
HORIZON-CL5-2023-D3-02-08,Horizon Europe,open,2023-05-04,2023-09-05,single-stage,,HORIZON  Research and Innovation Actions,https://ec.europa.eu/info/funding-tenders/opportunities/data/topicDetails/HORIZON-CL5-2023-D3-02-08.json
HORIZON-CL5-2023-D3-03-03,Horizon Europe,open,2023-05-04,2023-10-10,single-stage,,HORIZON Innovation Actions,https://ec.europa.eu/info/funding-tenders/opportunities/data/topicDetails/HORIZON-CL5-2023-D3-03-03.json
HORIZON-CL4-2024-TWIN-TRANSITION-01-12,Horizon Europe,forthcoming,2023-09-19,2024-02-07,two-stage,,HORIZON  Research and Innovation Actions,https://ec.europa.eu/info/funding-tenders/opportunities/data/topicDetails/HORIZON-CL4-2024-TWIN-TRANSITION-01-12.json
HORIZON-CL2-2023-HERITAGE-ECCCH-01-01,Horizon Europe,open,2023-01-10,2023-09-21,single-stage,,HORIZON Innovation Actions,https://ec.europa.eu/info/funding-tenders/opportunities/data/topicDetails/HORIZON-CL2-2023-HERITAGE-ECCCH-01-01.json
HORIZON-CL4-2024-RESILIENCE-01-11,Horizon Europe,forthcoming,2023-09-19,2024-02-07,single-stage,,HORIZON Innovation Actions,https://ec.europa.eu/info/funding-tenders/opportunities/data/topicDetails/HORIZON-CL4-2024-RESILIENCE-01-11.json
HORIZON-CL4-2024-RESILIENCE-01-35,Horizon Europe,forthcoming,2023-09-19,2024-02-07,two-stage,,HORIZON Innovation Actions,https://ec.europa.eu/info/funding-tenders/opportunities/data/topicDetails/HORIZON-CL4-2024-RESILIENCE-01-35.json
HORIZON-CL4-2024-SPACE-01-64,Horizon Europe,forthcoming,2023-11-21,2024-02-20,single-stage,,HORIZON  Research and Innovation Actions,https://ec.europa.eu/info/funding-tenders/opportunities/data/topicDetails/HORIZON-CL4-2024-SPACE-01-64.json
HORIZON-WIDERA-2023-ACCESS-07-01,Horizon Europe,forthcoming,2023-09-28,2024-03-07,single-stage,,HORIZON Coordination and Support Actions,https://ec.europa.eu/info/funding-tenders/opportunities/data/topicDetails/HORIZON-WIDERA-2023-ACCESS-07-01.json
HORIZON-CL4-2024-RESILIENCE-01-10,Horizon Europe,forthcoming,2023-09-19,2024-02-07,single-stage,,HORIZON Coordination and Support Actions,https://ec.europa.eu/info/funding-tenders/opportunities/data/topicDetails/HORIZON-CL4-2024-RESILIENCE-01-10.json
HORIZON-CL4-2024-RESILIENCE-01-04,Horizon Europe,forthcoming,2023-09-19,2024-02-07,single-stage,,HORIZON Innovation Actions,https://ec.europa.eu/info/funding-tenders/opportunities/data/topicDetails/HORIZON-CL4-2024-RESILIENCE-01-04.json
HORIZON-EIE-2024-CONNECT-02-02,Horizon Europe,forthcoming,2024-06-06,2024-09-19,single-stage,,HORIZON Coordination and Support Actions,https://ec.europa.eu/info/funding-tenders/opportunities/data/topicDetails/HORIZON-EIE-2024-CONNECT-02-02.json
HORIZON-EIE-2023-CONNECT-02-02,Horizon Europe,forthcoming,2023-06-08,2023-09-21,single-stage,,HORIZON Coordination and Support Actions,https://ec.europa.eu/info/funding-tenders/opportunities/data/topicDetails/HORIZON-EIE-2023-CONNECT-02-02.json
CREA-MEDIA-2023-FILMSALES,Creative Europe,open,2023-05-03,2023-06-20,single-stage,,CREA Project Grants,https://ec.europa.eu/info/funding-tenders/opportunities/data/topicDetails/CREA-MEDIA-2023-FILMSALES.json
HORIZON-CL3-2023-FCT-01-05,Horizon Europe,forthcoming,2023-06-29,2023-11-23,single-stage,,HORIZON  Research and Innovation Actions,https://ec.europa.eu/info/funding-tenders/opportunities/data/topicDetails/HORIZON-CL3-2023-FCT-01-05.json
LIFE-2023-PLP-Bauhaus-Phoenix-Emerald,LIFE,open,2023-04-18,2023-09-07,single-stage,,LIFE Project Grants,https://ec.europa.eu/info/funding-tenders/opportunities/data/topicDetails/LIFE-2023-PLP-Bauhaus-Phoenix-Emerald.json
HORIZON-CL2-2024-DEMOCRACY-01-03,Horizon Europe,forthcoming,2023-10-04,2024-02-07,single-stage,,HORIZON  Research and Innovation Actions,https://ec.europa.eu/info/funding-tenders/opportunities/data/topicDetails/HORIZON-CL2-2024-DEMOCRACY-01-03.json
HORIZON-CL3-2023-FCT-01-06,Horizon Europe,forthcoming,2023-06-29,2023-11-23,single-stage,,HORIZON  Research and Innovation Actions,https://ec.europa.eu/info/funding-tenders/opportunities/data/topicDetails/HORIZON-CL3-2023-FCT-01-06.json
HORIZON-CL5-2023-D3-02-15,Horizon Europe,open,2023-05-04,2023-09-05,single-stage,,HORIZON  Research and Innovation Actions,https://ec.europa.eu/info/funding-tenders/opportunities/data/topicDetails/HORIZON-CL5-2023-D3-02-15.json
HORIZON-CL5-2023-D3-02-10,Horizon Europe,open,2023-05-04,2023-09-05,single-stage,,HORIZON  Research and Innovation Actions,https://ec.europa.eu/info/funding-tenders/opportunities/data/topicDetails/HORIZON-CL5-2023-D3-02-10.json
HORIZON-CL6-2024-CircBio-02-6-two-stage,Horizon Europe,forthcoming,2023-10-17,2024-02-22,two-stage,,HORIZON Innovation Actions,https://ec.europa.eu/info/funding-tenders/opportunities/data/topicDetails/HORIZON-CL6-2024-CircBio-02-6-two-stage.json
HORIZON-CL6-2024-CircBio-01-3,Horizon Europe,forthcoming,2023-10-17,2024-02-22,single-stage,,HORIZON Innovation Actions,https://ec.europa.eu/info/funding-tenders/opportunities/data/topicDetails/HORIZON-CL6-2024-CircBio-01-3.json
HORIZON-CL6-2024-COMMUNITIES-01-1,Horizon Europe,forthcoming,2023-10-17,2024-02-22,single-stage,,HORIZON Innovation Actions,https://ec.europa.eu/info/funding-tenders/opportunities/data/topicDetails/HORIZON-CL6-2024-COMMUNITIES-01-1.json
HORIZON-CL6-2024-CLIMATE-01-7,Horizon Europe,forthcoming,2023-10-17,2024-02-22,single-stage,,HORIZON  Research and Innovation Actions,https://ec.europa.eu/info/funding-tenders/opportunities/data/topicDetails/HORIZON-CL6-2024-CLIMATE-01-7.json
HORIZON-CL6-2024-BIODIV-01-9,Horizon Europe,forthcoming,2023-10-17,2024-02-22,single-stage,,HORIZON  Research and Innovation Actions,https://ec.europa.eu/info/funding-tenders/opportunities/data/topicDetails/HORIZON-CL6-2024-BIODIV-01-9.json
HORIZON-CL5-2024-D3-01-06,Horizon Europe,forthcoming,2023-09-12,2024-01-16,single-stage,,HORIZON  Research and Innovation Actions,https://ec.europa.eu/info/funding-tenders/opportunities/data/topicDetails/HORIZON-CL5-2024-D3-01-06.json
HORIZON-CL2-2024-TRANSFORMATIONS-01-07,Horizon Europe,forthcoming,2023-10-04,2024-02-07,single-stage,,HORIZON Coordination and Support Actions,https://ec.europa.eu/info/funding-tenders/opportunities/data/topicDetails/HORIZON-CL2-2024-TRANSFORMATIONS-01-07.json
LIFE-2023-SAP-CLIMA-CCM,LIFE,open,2023-04-18,2023-09-21,single-stage,,LIFE Project Grants,https://ec.europa.eu/info/funding-tenders/opportunities/data/topicDetails/LIFE-2023-SAP-CLIMA-CCM.json
HORIZON-CL6-2024-GOVERNANCE-01-7,Horizon Europe,forthcoming,2023-10-17,2024-02-28,single-stage,,HORIZON  Research and Innovation Actions,https://ec.europa.eu/info/funding-tenders/opportunities/data/topicDetails/HORIZON-CL6-2024-GOVERNANCE-01-7.json
HORIZON-CL4-2024-TWIN-TRANSITION-01-32,Horizon Europe,forthcoming,2023-09-19,2024-02-07,single-stage,,HORIZON Innovation Actions,https://ec.europa.eu/info/funding-tenders/opportunities/data/topicDetails/HORIZON-CL4-2024-TWIN-TRANSITION-01-32.json
HORIZON-CL5-2024-D3-01-15,Horizon Europe,forthcoming,2023-09-12,2024-01-16,single-stage,,HORIZON  Research and Innovation Actions,https://ec.europa.eu/info/funding-tenders/opportunities/data/topicDetails/HORIZON-CL5-2024-D3-01-15.json
HORIZON-CL5-2024-D3-01-13,Horizon Europe,forthcoming,2023-09-12,2024-01-16,single-stage,,HORIZON  Research and Innovation Actions,https://ec.europa.eu/info/funding-tenders/opportunities/data/topicDetails/HORIZON-CL5-2024-D3-01-13.json
HORIZON-CL4-2024-TWIN-TRANSITION-01-35,Horizon Europe,forthcoming,2023-09-19,2024-02-07,single-stage,,HORIZON Innovation Actions,https://ec.europa.eu/info/funding-tenders/opportunities/data/topicDetails/HORIZON-CL4-2024-TWIN-TRANSITION-01-35.json
HORIZON-EIC-2023-ACCELERATORCHALLENGES-02,Horizon Europe,open,2022-12-08,2023-01-11,multiple cut-off,,HORIZON EIC Accelerator Blended Finance,https://ec.europa.eu/info/funding-tenders/opportunities/data/topicDetails/HORIZON-EIC-2023-ACCELERATORCHALLENGES-02.json
CREA-MEDIA-2023-FILMOVE,Creative Europe,open,2022-10-20,2023-03-14,multiple cut-off,,CREA Project Grants,https://ec.europa.eu/info/funding-tenders/opportunities/data/topicDetails/CREA-MEDIA-2023-FILMOVE.json
HORIZON-MSCA-2023-DN-01-01,Horizon Europe,forthcoming,2023-05-30,2023-11-28,single-stage,,HORIZON TMA MSCA Doctoral NetworksHORIZON TMA MSCA Doctoral Networks - Industrial DoctoratesHORIZON TMA MSCA Doctoral Networks - Joint Doctorates,https://ec.europa.eu/info/funding-tenders/opportunities/data/topicDetails/HORIZON-MSCA-2023-DN-01-01.json
HORIZON-EIC-2023-TRANSITIONCHALLENGES-03,Horizon Europe,open,2023-01-17,2023-04-12,multiple cut-off,,HORIZON EIC Grants,https://ec.europa.eu/info/funding-tenders/opportunities/data/topicDetails/HORIZON-EIC-2023-TRANSITIONCHALLENGES-03.json
HORIZON-EIC-2023-ICAPITAL-PRIZE-02-1,Horizon Europe,open,2023-03-08,2023-06-29,single-stage,,HORIZON Recognition Prize,https://ec.europa.eu/info/funding-tenders/opportunities/data/topicDetails/HORIZON-EIC-2023-ICAPITAL-PRIZE-02-1.json
HORIZON-EIC-2023-ICAPITAL-PRIZE-02-2,Horizon Europe,open,2023-03-08,2023-06-29,single-stage,,HORIZON Recognition Prize,https://ec.europa.eu/info/funding-tenders/opportunities/data/topicDetails/HORIZON-EIC-2023-ICAPITAL-PRIZE-02-2.json
HORIZON-EIC-2023-PATHFINDERCHALLENGES-01-05,Horizon Europe,forthcoming,2023-06-20,2023-10-18,single-stage,,HORIZON EIC Grants,https://ec.europa.eu/info/funding-tenders/opportunities/data/topicDetails/HORIZON-EIC-2023-PATHFINDERCHALLENGES-01-05.json
HORIZON-CL5-2024-D1-01-01,Horizon Europe,open,2023-09-12,2024-03-05,single-stage,,HORIZON  Research and Innovation Actions,https://ec.europa.eu/info/funding-tenders/opportunities/data/topicDetails/HORIZON-CL5-2024-D1-01-01.json
HORIZON-CL5-2024-D1-01-03,Horizon Europe,open,2023-09-12,2024-03-05,single-stage,,HORIZON  Research and Innovation Actions,https://ec.europa.eu/info/funding-tenders/opportunities/data/topicDetails/HORIZON-CL5-2024-D1-01-03.json
HORIZON-CL5-2024-D1-01-02,Horizon Europe,open,2023-09-12,2024-03-05,single-stage,,HORIZON  Research and Innovation Actions,https://ec.europa.eu/info/funding-tenders/opportunities/data/topicDetails/HORIZON-CL5-2024-D1-01-02.json
ESC-HUMAID-2021-QUAL-LABEL-FP,European Solidarity Corps,open,2021-06-10,2021-09-22,multiple cut-off,,ESC Quality Label,https://ec.europa.eu/info/funding-tenders/opportunities/data/topicDetails/ESC-HUMAID-2021-QUAL-LABEL-FP.json
HORIZON-CL5-2024-D3-01-03,Horizon Europe,open,2023-09-12,2024-01-16,single-stage,,HORIZON Innovation Actions,https://ec.europa.eu/info/funding-tenders/opportunities/data/topicDetails/HORIZON-CL5-2024-D3-01-03.json
HORIZON-CL5-2024-D3-01-16,Horizon Europe,open,2023-09-12,2024-01-16,single-stage,,HORIZON Innovation Actions,https://ec.europa.eu/info/funding-tenders/opportunities/data/topicDetails/HORIZON-CL5-2024-D3-01-16.json
HORIZON-CL5-2024-D3-01-17,Horizon Europe,open,2023-09-12,2024-01-16,single-stage,,HORIZON Innovation Actions,https://ec.europa.eu/info/funding-tenders/opportunities/data/topicDetails/HORIZON-CL5-2024-D3-01-17.json
HORIZON-CL5-2024-D3-01-04,Horizon Europe,open,2023-09-12,2024-01-16,single-stage,,HORIZON  Research and Innovation Actions,https://ec.europa.eu/info/funding-tenders/opportunities/data/topicDetails/HORIZON-CL5-2024-D3-01-04.json
HORIZON-CL5-2024-D3-01-12,Horizon Europe,open,2023-09-12,2024-01-16,single-stage,,HORIZON Innovation Actions,https://ec.europa.eu/info/funding-tenders/opportunities/data/topicDetails/HORIZON-CL5-2024-D3-01-12.json
HORIZON-CL5-2024-D3-01-05,Horizon Europe,open,2023-09-12,2024-01-16,single-stage,,HORIZON  Research and Innovation Actions,https://ec.europa.eu/info/funding-tenders/opportunities/data/topicDetails/HORIZON-CL5-2024-D3-01-05.json
HORIZON-CL5-2024-D3-01-14,Horizon Europe,open,2023-09-12,2024-01-16,single-stage,,HORIZON  Research and Innovation Actions,https://ec.europa.eu/info/funding-tenders/opportunities/data/topicDetails/HORIZON-CL5-2024-D3-01-14.json
HORIZON-CL5-2024-D3-01-09,Horizon Europe,open,2023-09-12,2024-01-16,single-stage,,HORIZON Programme Cofund Actions,https://ec.europa.eu/info/funding-tenders/opportunities/data/topicDetails/HORIZON-CL5-2024-D3-01-09.json
HORIZON-CL5-2024-D3-01-11,Horizon Europe,open,2023-09-12,2024-01-16,single-stage,,HORIZON Innovation Actions,https://ec.europa.eu/info/funding-tenders/opportunities/data/topicDetails/HORIZON-CL5-2024-D3-01-11.json
HORIZON-CL5-2024-D3-01-08,Horizon Europe,open,2023-09-12,2024-01-16,single-stage,,HORIZON Innovation Actions,https://ec.europa.eu/info/funding-tenders/opportunities/data/topicDetails/HORIZON-CL5-2024-D3-01-08.json
HORIZON-EIE-2024-CONNECT-01-01,Horizon Europe,forthcoming,2024-01-11,2024-04-25,single-stage,,HORIZON Coordination and Support Actions,https://ec.europa.eu/info/funding-tenders/opportunities/data/topicDetails/HORIZON-EIE-2024-CONNECT-01-01.json
HORIZON-EIE-2024-CONNECT-01-02,Horizon Europe,forthcoming,2024-01-11,2024-04-25,single-stage,,HORIZON Coordination and Support Actions,https://ec.europa.eu/info/funding-tenders/opportunities/data/topicDetails/HORIZON-EIE-2024-CONNECT-01-02.json
HORIZON-EUROHPC-JU-2023-INTER-02-01,Horizon Europe,open,2023-08-01,2024-01-31,single-stage,,HORIZON JU Innovation Actions,https://ec.europa.eu/info/funding-tenders/opportunities/data/topicDetails/HORIZON-EUROHPC-JU-2023-INTER-02-01.json
HORIZON-CL4-2024-RESILIENCE-01-08,Horizon Europe,open,2023-09-19,2024-02-07,single-stage,,HORIZON Innovation Actions,https://ec.europa.eu/info/funding-tenders/opportunities/data/topicDetails/HORIZON-CL4-2024-RESILIENCE-01-08.json
HORIZON-CL4-2024-RESILIENCE-01-24,Horizon Europe,open,2023-09-19,2024-02-07,single-stage,,HORIZON Innovation Actions,https://ec.europa.eu/info/funding-tenders/opportunities/data/topicDetails/HORIZON-CL4-2024-RESILIENCE-01-24.json
HORIZON-CL4-2024-RESILIENCE-01-01,Horizon Europe,open,2023-09-19,2024-02-07,single-stage,,HORIZON  Research and Innovation Actions,https://ec.europa.eu/info/funding-tenders/opportunities/data/topicDetails/HORIZON-CL4-2024-RESILIENCE-01-01.json
HORIZON-CL4-2024-TWIN-TRANSITION-01-05,Horizon Europe,open,2023-09-19,2024-02-07,single-stage,,HORIZON  Research and Innovation Actions,https://ec.europa.eu/info/funding-tenders/opportunities/data/topicDetails/HORIZON-CL4-2024-TWIN-TRANSITION-01-05.json
HORIZON-CL4-2024-TWIN-TRANSITION-01-46,Horizon Europe,open,2023-09-19,2024-02-07,single-stage,,HORIZON  Research and Innovation Actions,https://ec.europa.eu/info/funding-tenders/opportunities/data/topicDetails/HORIZON-CL4-2024-TWIN-TRANSITION-01-46.json
HORIZON-CL4-2024-TWIN-TRANSITION-01-44,Horizon Europe,open,2023-09-19,2024-02-07,single-stage,,HORIZON Innovation Actions,https://ec.europa.eu/info/funding-tenders/opportunities/data/topicDetails/HORIZON-CL4-2024-TWIN-TRANSITION-01-44.json
HORIZON-CL4-2024-TWIN-TRANSITION-01-01,Horizon Europe,open,2023-09-19,2024-02-07,two-stage,,HORIZON  Research and Innovation Actions,https://ec.europa.eu/info/funding-tenders/opportunities/data/topicDetails/HORIZON-CL4-2024-TWIN-TRANSITION-01-01.json
HORIZON-CL4-2024-RESILIENCE-01-36,Horizon Europe,open,2023-09-19,2024-02-07,two-stage,,HORIZON Innovation Actions,https://ec.europa.eu/info/funding-tenders/opportunities/data/topicDetails/HORIZON-CL4-2024-RESILIENCE-01-36.json
HORIZON-EUROHPC-JU-2023-COE-03-01,Horizon Europe,open,2023-09-20,2024-01-09,single-stage,,HORIZON JU Research and Innovation Actions,https://ec.europa.eu/info/funding-tenders/opportunities/data/topicDetails/HORIZON-EUROHPC-JU-2023-COE-03-01.json
CEF-E-2023-CBRENEW-PREPSTUDIES,Connecting Europe Facility,open,2023-09-21,2024-01-09,single-stage,,CEF Project Grants,https://ec.europa.eu/info/funding-tenders/opportunities/data/topicDetails/CEF-E-2023-CBRENEW-PREPSTUDIES.json
CEF-T-2023-COMPCOEN-IWWP-WORKS,Connecting Europe Facility,open,2023-09-26,2024-01-30,single-stage,,CEF Infrastructure Projects,https://ec.europa.eu/info/funding-tenders/opportunities/data/topicDetails/CEF-T-2023-COMPCOEN-IWWP-WORKS.json
CEF-T-2023-COMPCOEN-RAIL-WORKS,Connecting Europe Facility,open,2023-09-26,2024-01-30,single-stage,,CEF Infrastructure Projects,https://ec.europa.eu/info/funding-tenders/opportunities/data/topicDetails/CEF-T-2023-COMPCOEN-RAIL-WORKS.json
CEF-T-2023-COMPGEN-ROADS-WORKS,Connecting Europe Facility,open,2023-09-26,2024-01-30,single-stage,,CEF Infrastructure Projects,https://ec.europa.eu/info/funding-tenders/opportunities/data/topicDetails/CEF-T-2023-COMPGEN-ROADS-WORKS.json
CEF-T-2023-CORECOEN-MARP-WORKS,Connecting Europe Facility,open,2023-09-26,2024-01-30,single-stage,,CEF Infrastructure Projects,https://ec.europa.eu/info/funding-tenders/opportunities/data/topicDetails/CEF-T-2023-CORECOEN-MARP-WORKS.json
CEF-T-2023-COMPCOEN-MARP-WORKS,Connecting Europe Facility,open,2023-09-26,2024-01-30,single-stage,,CEF Infrastructure Projects,https://ec.europa.eu/info/funding-tenders/opportunities/data/topicDetails/CEF-T-2023-COMPCOEN-MARP-WORKS.json
CEF-T-2023-COMPGEN-MARP-WORKS,Connecting Europe Facility,open,2023-09-26,2024-01-30,single-stage,,CEF Infrastructure Projects,https://ec.europa.eu/info/funding-tenders/opportunities/data/topicDetails/CEF-T-2023-COMPGEN-MARP-WORKS.json
CEF-T-2023-COMPGEN-RAIL-WORKS,Connecting Europe Facility,open,2023-09-26,2024-01-30,single-stage,,CEF Infrastructure Projects,https://ec.europa.eu/info/funding-tenders/opportunities/data/topicDetails/CEF-T-2023-COMPGEN-RAIL-WORKS.json
CEF-T-2023-CORECOEN-ROADS-WORKS,Connecting Europe Facility,open,2023-09-26,2024-01-30,single-stage,,CEF Infrastructure Projects,https://ec.europa.eu/info/funding-tenders/opportunities/data/topicDetails/CEF-T-2023-CORECOEN-ROADS-WORKS.json
CEF-T-2023-COREGEN-MARP-WORKS,Connecting Europe Facility,open,2023-09-26,2024-01-30,single-stage,,CEF Infrastructure Projects,https://ec.europa.eu/info/funding-tenders/opportunities/data/topicDetails/CEF-T-2023-COREGEN-MARP-WORKS.json
CEF-T-2023-COMPCOEN-ROADS-WORKS,Connecting Europe Facility,open,2023-09-26,2024-01-30,single-stage,,CEF Infrastructure Projects,https://ec.europa.eu/info/funding-tenders/opportunities/data/topicDetails/CEF-T-2023-COMPCOEN-ROADS-WORKS.json
CEF-T-2023-COMPGEN-IWWP-WORKS,Connecting Europe Facility,open,2023-09-26,2024-01-30,single-stage,,CEF Infrastructure Projects,https://ec.europa.eu/info/funding-tenders/opportunities/data/topicDetails/CEF-T-2023-COMPGEN-IWWP-WORKS.json
CEF-T-2023-SUSTMOBGEN-MOS-WORKS,Connecting Europe Facility,open,2023-09-26,2024-01-30,single-stage,,CEF Infrastructure Projects,https://ec.europa.eu/info/funding-tenders/opportunities/data/topicDetails/CEF-T-2023-SUSTMOBGEN-MOS-WORKS.json
CEF-T-2023-CORECOEN-IWWP-WORKS,Connecting Europe Facility,open,2023-09-26,2024-01-30,single-stage,,CEF Infrastructure Projects,https://ec.europa.eu/info/funding-tenders/opportunities/data/topicDetails/CEF-T-2023-CORECOEN-IWWP-WORKS.json
CEF-T-2023-CORECOEN-RAIL-WORKS,Connecting Europe Facility,open,2023-09-26,2024-01-30,single-stage,,CEF Infrastructure Projects,https://ec.europa.eu/info/funding-tenders/opportunities/data/topicDetails/CEF-T-2023-CORECOEN-RAIL-WORKS.json
CEF-T-2023-COREGEN-IWWP-WORKS,Connecting Europe Facility,open,2023-09-26,2024-01-30,single-stage,,CEF Infrastructure Projects,https://ec.europa.eu/info/funding-tenders/opportunities/data/topicDetails/CEF-T-2023-COREGEN-IWWP-WORKS.json
CEF-T-2023-COREGEN-RAIL-WORKS,Connecting Europe Facility,open,2023-09-26,2024-01-30,single-stage,,CEF Infrastructure Projects,https://ec.europa.eu/info/funding-tenders/opportunities/data/topicDetails/CEF-T-2023-COREGEN-RAIL-WORKS.json
CEF-T-2023-COREGEN-ROADS-WORKS,Connecting Europe Facility,open,2023-09-26,2024-01-30,single-stage,,CEF Infrastructure Projects,https://ec.europa.eu/info/funding-tenders/opportunities/data/topicDetails/CEF-T-2023-COREGEN-ROADS-WORKS.json
CEF-T-2023-SAFEMOBCOEN-RESILIENCE-WORKS,Connecting Europe Facility,open,2023-09-26,2024-01-30,single-stage,,CEF Infrastructure Projects,https://ec.europa.eu/info/funding-tenders/opportunities/data/topicDetails/CEF-T-2023-SAFEMOBCOEN-RESILIENCE-WORKS.json
CEF-T-2023-SAFEMOBGEN-RESILIENCE-WORKS,Connecting Europe Facility,open,2023-09-26,2024-01-30,single-stage,,CEF Infrastructure Projects,https://ec.europa.eu/info/funding-tenders/opportunities/data/topicDetails/CEF-T-2023-SAFEMOBGEN-RESILIENCE-WORKS.json
CEF-T-2023-SAFEMOBCOEN-PARKINGS-WORKS,Connecting Europe Facility,open,2023-09-26,2024-01-30,single-stage,,CEF Infrastructure Projects,https://ec.europa.eu/info/funding-tenders/opportunities/data/topicDetails/CEF-T-2023-SAFEMOBCOEN-PARKINGS-WORKS.json
CEF-T-2023-SAFEMOBCOEN-ROADSAFETY-WORKS,Connecting Europe Facility,open,2023-09-26,2024-01-30,single-stage,,CEF Infrastructure Projects,https://ec.europa.eu/info/funding-tenders/opportunities/data/topicDetails/CEF-T-2023-SAFEMOBCOEN-ROADSAFETY-WORKS.json
CEF-T-2023-SAFEMOBGEN-EXTBORDER-WORKS,Connecting Europe Facility,open,2023-09-26,2024-01-30,single-stage,,CEF Infrastructure Projects,https://ec.europa.eu/info/funding-tenders/opportunities/data/topicDetails/CEF-T-2023-SAFEMOBGEN-EXTBORDER-WORKS.json
CEF-T-2023-SAFEMOBGEN-PARKINGS-WORKS,Connecting Europe Facility,open,2023-09-26,2024-01-30,single-stage,,CEF Infrastructure Projects,https://ec.europa.eu/info/funding-tenders/opportunities/data/topicDetails/CEF-T-2023-SAFEMOBGEN-PARKINGS-WORKS.json
CEF-T-2023-SUSTMOBGEN-MULTHUB-STUDIES,Connecting Europe Facility,open,2023-09-26,2024-01-30,single-stage,,CEF Project Grants,https://ec.europa.eu/info/funding-tenders/opportunities/data/topicDetails/CEF-T-2023-SUSTMOBGEN-MULTHUB-STUDIES.json
EURATOM-2024-SOFT-Prize,EURATOM,open,2023-09-26,2024-01-16,single-stage,,EURATOM Prizes,https://ec.europa.eu/info/funding-tenders/opportunities/data/topicDetails/EURATOM-2024-SOFT-Prize.json
CEF-T-2023-SIMOBGEN-EMSWe-WORKS,Connecting Europe Facility,open,2023-09-26,2024-01-30,single-stage,,CEF Infrastructure Projects,https://ec.europa.eu/info/funding-tenders/opportunities/data/topicDetails/CEF-T-2023-SIMOBGEN-EMSWe-WORKS.json
CEF-T-2023-SIMOBCOEN-ERTMS-UNITS,Connecting Europe Facility,open,2023-09-26,2024-01-30,single-stage,,CEF ERTMS Unit Grants,https://ec.europa.eu/info/funding-tenders/opportunities/data/topicDetails/CEF-T-2023-SIMOBCOEN-ERTMS-UNITS.json
CEF-T-2023-SIMOBGEN-DATA-WORKS,Connecting Europe Facility,open,2023-09-26,2024-01-30,single-stage,,CEF Infrastructure Projects,https://ec.europa.eu/info/funding-tenders/opportunities/data/topicDetails/CEF-T-2023-SIMOBGEN-DATA-WORKS.json
CEF-T-2023-SIMOBGEN-ERTMS-UNITS,Connecting Europe Facility,open,2023-09-26,2024-01-30,single-stage,,CEF ERTMS Unit Grants,https://ec.europa.eu/info/funding-tenders/opportunities/data/topicDetails/CEF-T-2023-SIMOBGEN-ERTMS-UNITS.json
CEF-T-2023-SIMOBGEN-ITS-WORKS,Connecting Europe Facility,open,2023-09-26,2024-01-30,single-stage,,CEF Infrastructure Projects,https://ec.europa.eu/info/funding-tenders/opportunities/data/topicDetails/CEF-T-2023-SIMOBGEN-ITS-WORKS.json
CEF-T-2023-SIMOBGEN-RIS-WORKS,Connecting Europe Facility,open,2023-09-26,2024-01-30,single-stage,,CEF Infrastructure Projects,https://ec.europa.eu/info/funding-tenders/opportunities/data/topicDetails/CEF-T-2023-SIMOBGEN-RIS-WORKS.json
CEF-T-2023-SIMOBGEN-VTMIS-WORKS,Connecting Europe Facility,open,2023-09-26,2024-01-30,single-stage,,CEF Infrastructure Projects,https://ec.europa.eu/info/funding-tenders/opportunities/data/topicDetails/CEF-T-2023-SIMOBGEN-VTMIS-WORKS.json
CEF-T-2023-SIMOBGEN-eFTI-WORKS,Connecting Europe Facility,open,2023-09-26,2024-01-30,single-stage,,CEF Infrastructure Projects,https://ec.europa.eu/info/funding-tenders/opportunities/data/topicDetails/CEF-T-2023-SIMOBGEN-eFTI-WORKS.json
CEF-T-2023-SIMOBGEN-SESAR-DSDU-WORKS,Connecting Europe Facility,open,2023-09-26,2024-01-30,single-stage,,CEF Infrastructure Projects,https://ec.europa.eu/info/funding-tenders/opportunities/data/topicDetails/CEF-T-2023-SIMOBGEN-SESAR-DSDU-WORKS.json
CEF-T-2023-SIMOBGEN-SESAR-CP-WORKS,Connecting Europe Facility,open,2023-09-26,2024-01-30,single-stage,,CEF Infrastructure Projects,https://ec.europa.eu/info/funding-tenders/opportunities/data/topicDetails/CEF-T-2023-SIMOBGEN-SESAR-CP-WORKS.json
CEF-T-2023-SIMOBGEN-REMIB-WORKS,Connecting Europe Facility,open,2023-09-26,2024-01-30,single-stage,,CEF Infrastructure Projects,https://ec.europa.eu/info/funding-tenders/opportunities/data/topicDetails/CEF-T-2023-SIMOBGEN-REMIB-WORKS.json
CEF-T-2023-SIMOBGEN-SESAR-OP-WORKS,Connecting Europe Facility,open,2023-09-26,2024-01-30,single-stage,,CEF Infrastructure Projects,https://ec.europa.eu/info/funding-tenders/opportunities/data/topicDetails/CEF-T-2023-SIMOBGEN-SESAR-OP-WORKS.json
CEF-T-2023-SIMOBGEN-NEWTECH-STUDIES,Connecting Europe Facility,open,2023-09-26,2024-01-30,single-stage,,CEF Project Grants,https://ec.europa.eu/info/funding-tenders/opportunities/data/topicDetails/CEF-T-2023-SIMOBGEN-NEWTECH-STUDIES.json
HORIZON-MSCA-2023-SE-01-01,Horizon Europe,open,2023-10-05,2024-02-28,single-stage,,HORIZON TMA MSCA Staff Exchanges,https://ec.europa.eu/info/funding-tenders/opportunities/data/topicDetails/HORIZON-MSCA-2023-SE-01-01.json
EMFAF-2023-PIA-FLAGSHIP-MUNITION,EMFAF,open,2023-09-28,2024-01-18,single-stage,,EMFAF Project Grants,https://ec.europa.eu/info/funding-tenders/opportunities/data/topicDetails/EMFAF-2023-PIA-FLAGSHIP-MUNITION.json
DIGITAL-2023-CLOUD-DATA-AI-05-DATATOURISM,Digital Europe,open,2023-09-28,2024-01-23,single-stage,,DIGITAL Simple Grants,https://ec.europa.eu/info/funding-tenders/opportunities/data/topicDetails/DIGITAL-2023-CLOUD-DATA-AI-05-DATATOURISM.json
DIGITAL-2023-CLOUD-DATA-AI-05-CULTHERITAGE,Digital Europe,open,2023-09-28,2024-01-23,single-stage,,DIGITAL Simple Grants,https://ec.europa.eu/info/funding-tenders/opportunities/data/topicDetails/DIGITAL-2023-CLOUD-DATA-AI-05-CULTHERITAGE.json
CREA-MEDIA-2024-FILMOVE,Creative Europe,open,2023-10-03,2024-03-14,multiple cut-off,,CREA Project Grants,https://ec.europa.eu/info/funding-tenders/opportunities/data/topicDetails/CREA-MEDIA-2024-FILMOVE.json
CREA-MEDIA-2024-TVONLINE,Creative Europe,open,2023-10-03,2023-12-07,multiple cut-off,,CREA Lump Sum Grants,https://ec.europa.eu/info/funding-tenders/opportunities/data/topicDetails/CREA-MEDIA-2024-TVONLINE.json
HORIZON-CL2-2024-DEMOCRACY-01-04,Horizon Europe,open,2023-10-04,2024-02-07,single-stage,,HORIZON  Research and Innovation Actions,https://ec.europa.eu/info/funding-tenders/opportunities/data/topicDetails/HORIZON-CL2-2024-DEMOCRACY-01-04.json
HORIZON-CL2-2024-DEMOCRACY-01-02,Horizon Europe,open,2023-10-04,2024-02-07,single-stage,,HORIZON  Research and Innovation Actions,https://ec.europa.eu/info/funding-tenders/opportunities/data/topicDetails/HORIZON-CL2-2024-DEMOCRACY-01-02.json
HORIZON-CL2-2024-DEMOCRACY-01-01,Horizon Europe,open,2023-10-04,2024-02-07,single-stage,,HORIZON  Research and Innovation Actions,https://ec.europa.eu/info/funding-tenders/opportunities/data/topicDetails/HORIZON-CL2-2024-DEMOCRACY-01-01.json
HORIZON-CL2-2024-DEMOCRACY-01-05,Horizon Europe,open,2023-10-04,2024-02-07,single-stage,,HORIZON  Research and Innovation Actions,https://ec.europa.eu/info/funding-tenders/opportunities/data/topicDetails/HORIZON-CL2-2024-DEMOCRACY-01-05.json
HORIZON-CL2-2024-DEMOCRACY-01-12,Horizon Europe,open,2023-10-04,2024-02-07,single-stage,,HORIZON Coordination and Support Actions,https://ec.europa.eu/info/funding-tenders/opportunities/data/topicDetails/HORIZON-CL2-2024-DEMOCRACY-01-12.json
HORIZON-CL2-2024-HERITAGE-01-01,Horizon Europe,open,2023-10-04,2024-02-07,single-stage,,HORIZON Innovation Actions,https://ec.europa.eu/info/funding-tenders/opportunities/data/topicDetails/HORIZON-CL2-2024-HERITAGE-01-01.json
HORIZON-CL2-2024-DEMOCRACY-01-10,Horizon Europe,open,2023-10-04,2024-02-07,single-stage,,HORIZON  Research and Innovation Actions,https://ec.europa.eu/info/funding-tenders/opportunities/data/topicDetails/HORIZON-CL2-2024-DEMOCRACY-01-10.json
HORIZON-CL2-2024-DEMOCRACY-01-11,Horizon Europe,open,2023-10-04,2024-02-07,single-stage,,HORIZON  Research and Innovation Actions,https://ec.europa.eu/info/funding-tenders/opportunities/data/topicDetails/HORIZON-CL2-2024-DEMOCRACY-01-11.json
HORIZON-CL2-2024-HERITAGE-01-02,Horizon Europe,open,2023-10-04,2024-02-07,single-stage,,HORIZON Innovation Actions,https://ec.europa.eu/info/funding-tenders/opportunities/data/topicDetails/HORIZON-CL2-2024-HERITAGE-01-02.json
HORIZON-CL2-2024-TRANSFORMATIONS-01-06,Horizon Europe,open,2023-10-04,2024-02-07,single-stage,,HORIZON  Research and Innovation Actions,https://ec.europa.eu/info/funding-tenders/opportunities/data/topicDetails/HORIZON-CL2-2024-TRANSFORMATIONS-01-06.json
HORIZON-CL2-2024-TRANSFORMATIONS-01-08,Horizon Europe,open,2023-10-04,2024-02-07,single-stage,,HORIZON  Research and Innovation Actions,https://ec.europa.eu/info/funding-tenders/opportunities/data/topicDetails/HORIZON-CL2-2024-TRANSFORMATIONS-01-08.json
HORIZON-CL2-2024-TRANSFORMATIONS-01-04,Horizon Europe,open,2023-10-04,2024-02-07,single-stage,,HORIZON  Research and Innovation Actions,https://ec.europa.eu/info/funding-tenders/opportunities/data/topicDetails/HORIZON-CL2-2024-TRANSFORMATIONS-01-04.json
HORIZON-CL2-2024-TRANSFORMATIONS-01-05,Horizon Europe,open,2023-10-04,2024-02-07,single-stage,,HORIZON  Research and Innovation Actions,https://ec.europa.eu/info/funding-tenders/opportunities/data/topicDetails/HORIZON-CL2-2024-TRANSFORMATIONS-01-05.json
HORIZON-CL2-2024-DEMOCRACY-01-06,Horizon Europe,open,2023-10-04,2024-02-07,single-stage,,HORIZON  Research and Innovation Actions,https://ec.europa.eu/info/funding-tenders/opportunities/data/topicDetails/HORIZON-CL2-2024-DEMOCRACY-01-06.json
HORIZON-CL2-2024-DEMOCRACY-01-09,Horizon Europe,open,2023-10-04,2024-02-07,single-stage,,HORIZON  Research and Innovation Actions,https://ec.europa.eu/info/funding-tenders/opportunities/data/topicDetails/HORIZON-CL2-2024-DEMOCRACY-01-09.json
HORIZON-CL2-2024-HERITAGE-01-05,Horizon Europe,open,2023-10-04,2024-02-07,single-stage,,HORIZON  Research and Innovation Actions,https://ec.europa.eu/info/funding-tenders/opportunities/data/topicDetails/HORIZON-CL2-2024-HERITAGE-01-05.json
HORIZON-CL2-2024-TRANSFORMATIONS-01-02,Horizon Europe,open,2023-10-04,2024-02-07,single-stage,,HORIZON  Research and Innovation Actions,https://ec.europa.eu/info/funding-tenders/opportunities/data/topicDetails/HORIZON-CL2-2024-TRANSFORMATIONS-01-02.json
HORIZON-CL2-2024-TRANSFORMATIONS-01-03,Horizon Europe,open,2023-10-04,2024-02-07,single-stage,,HORIZON  Research and Innovation Actions,https://ec.europa.eu/info/funding-tenders/opportunities/data/topicDetails/HORIZON-CL2-2024-TRANSFORMATIONS-01-03.json
HORIZON-CL2-2024-HERITAGE-01-03,Horizon Europe,open,2023-10-04,2024-02-07,single-stage,,HORIZON Innovation Actions,https://ec.europa.eu/info/funding-tenders/opportunities/data/topicDetails/HORIZON-CL2-2024-HERITAGE-01-03.json
HORIZON-CL2-2024-HERITAGE-01-04,Horizon Europe,open,2023-10-04,2024-02-07,single-stage,,HORIZON Innovation Actions,https://ec.europa.eu/info/funding-tenders/opportunities/data/topicDetails/HORIZON-CL2-2024-HERITAGE-01-04.json
HORIZON-CL2-2024-TRANSFORMATIONS-01-10,Horizon Europe,open,2023-10-04,2024-02-07,single-stage,,HORIZON  Research and Innovation Actions,https://ec.europa.eu/info/funding-tenders/opportunities/data/topicDetails/HORIZON-CL2-2024-TRANSFORMATIONS-01-10.json
HORIZON-ER-JU-2023-EXPLR-01,Horizon Europe,open,2023-10-04,2024-02-07,single-stage,,HORIZON JU Research and Innovation Actions,https://ec.europa.eu/info/funding-tenders/opportunities/data/topicDetails/HORIZON-ER-JU-2023-EXPLR-01.json
HORIZON-ER-JU-2023-EXPLR-02,Horizon Europe,open,2023-10-04,2024-02-07,single-stage,,HORIZON JU Research and Innovation Actions,https://ec.europa.eu/info/funding-tenders/opportunities/data/topicDetails/HORIZON-ER-JU-2023-EXPLR-02.json
HORIZON-ER-JU-2023-FA1-SESAR,Horizon Europe,open,2023-10-04,2024-02-07,single-stage,,HORIZON JU Innovation Actions,https://ec.europa.eu/info/funding-tenders/opportunities/data/topicDetails/HORIZON-ER-JU-2023-FA1-SESAR.json
HORIZON-ER-JU-2023-EXPLR-04,Horizon Europe,open,2023-10-04,2024-02-07,single-stage,,HORIZON JU Research and Innovation Actions,https://ec.europa.eu/info/funding-tenders/opportunities/data/topicDetails/HORIZON-ER-JU-2023-EXPLR-04.json
HORIZON-ER-JU-2023-EXPLR-05,Horizon Europe,open,2023-10-04,2024-02-07,single-stage,,HORIZON JU Research and Innovation Actions,https://ec.europa.eu/info/funding-tenders/opportunities/data/topicDetails/HORIZON-ER-JU-2023-EXPLR-05.json
CREA-MEDIA-2024-FESTNET,Creative Europe,open,2023-10-03,2024-04-11,single-stage,,CREA Project Grants,https://ec.europa.eu/info/funding-tenders/opportunities/data/topicDetails/CREA-MEDIA-2024-FESTNET.json
CREA-MEDIA-2024-VODNET,Creative Europe,open,2023-10-03,2024-04-09,single-stage,,CREA Project Grants,https://ec.europa.eu/info/funding-tenders/opportunities/data/topicDetails/CREA-MEDIA-2024-VODNET.json
HORIZON-ER-JU-2023-EXPLR-03,Horizon Europe,open,2023-10-04,2024-02-07,single-stage,,HORIZON JU Coordination and Support Actions,https://ec.europa.eu/info/funding-tenders/opportunities/data/topicDetails/HORIZON-ER-JU-2023-EXPLR-03.json
EuropeAid/179487/DD/ACT/GE,NDICI / EuropeAid,open,2023-10-10,2024-01-15,,,,https://ec.europa.eu/info/funding-tenders/opportunities/data/topicDetails/179487EN
IMREG-2023-INFOME,IMREG,open,2023-10-11,2024-01-09,single-stage,,IMREG Project Grants,https://ec.europa.eu/info/funding-tenders/opportunities/data/topicDetails/IMREG-2023-INFOME.json
HORIZON-CL5-2024-D3-01-02,Horizon Europe,open,2023-09-12,2024-01-16,single-stage,,HORIZON Innovation Actions,https://ec.europa.eu/info/funding-tenders/opportunities/data/topicDetails/HORIZON-CL5-2024-D3-01-02.json
HORIZON-ER-JU-2023-EXPLR-06,Horizon Europe,open,2023-10-04,2024-02-07,single-stage,,HORIZON JU Coordination and Support Actions,https://ec.europa.eu/info/funding-tenders/opportunities/data/topicDetails/HORIZON-ER-JU-2023-EXPLR-06.json
HORIZON-CL5-2024-D4-02-05,Horizon Europe,forthcoming,2024-09-17,2025-01-21,single-stage,,HORIZON Innovation Actions,https://ec.europa.eu/info/funding-tenders/opportunities/data/topicDetails/HORIZON-CL5-2024-D4-02-05.json
HORIZON-CL5-2024-D3-02-11,Horizon Europe,forthcoming,2024-09-17,2025-01-21,single-stage,,HORIZON Innovation Actions,https://ec.europa.eu/info/funding-tenders/opportunities/data/topicDetails/HORIZON-CL5-2024-D3-02-11.json
HORIZON-CL6-2024-BIODIV-01-3,Horizon Europe,open,2023-10-17,2024-02-22,single-stage,,HORIZON  Research and Innovation Actions,https://ec.europa.eu/info/funding-tenders/opportunities/data/topicDetails/HORIZON-CL6-2024-BIODIV-01-3.json
HORIZON-CL6-2024-BIODIV-01-8,Horizon Europe,open,2023-10-17,2024-02-22,single-stage,,HORIZON  Research and Innovation Actions,https://ec.europa.eu/info/funding-tenders/opportunities/data/topicDetails/HORIZON-CL6-2024-BIODIV-01-8.json
HORIZON-CL6-2024-COMMUNITIES-01-2,Horizon Europe,open,2023-10-17,2024-02-22,single-stage,,HORIZON  Research and Innovation Actions,https://ec.europa.eu/info/funding-tenders/opportunities/data/topicDetails/HORIZON-CL6-2024-COMMUNITIES-01-2.json
HORIZON-CL6-2024-COMMUNITIES-01-3,Horizon Europe,open,2023-10-17,2024-02-22,single-stage,,HORIZON  Research and Innovation Actions,https://ec.europa.eu/info/funding-tenders/opportunities/data/topicDetails/HORIZON-CL6-2024-COMMUNITIES-01-3.json
HORIZON-CL6-2024-COMMUNITIES-02-2-two-stage,Horizon Europe,open,2023-10-17,2024-02-22,two-stage,,HORIZON  Research and Innovation Actions,https://ec.europa.eu/info/funding-tenders/opportunities/data/topicDetails/HORIZON-CL6-2024-COMMUNITIES-02-2-two-stage.json
HORIZON-CL6-2024-CircBio-02-1-two-stage,Horizon Europe,open,2023-10-17,2024-02-22,two-stage,,HORIZON  Research and Innovation Actions,https://ec.europa.eu/info/funding-tenders/opportunities/data/topicDetails/HORIZON-CL6-2024-CircBio-02-1-two-stage.json
HORIZON-CL6-2024-CLIMATE-01-6,Horizon Europe,open,2023-10-17,2024-02-22,single-stage,,HORIZON  Research and Innovation Actions,https://ec.europa.eu/info/funding-tenders/opportunities/data/topicDetails/HORIZON-CL6-2024-CLIMATE-01-6.json
HORIZON-CL6-2024-BIODIV-01-2,Horizon Europe,open,2023-10-17,2024-02-22,single-stage,,HORIZON Innovation Actions,https://ec.europa.eu/info/funding-tenders/opportunities/data/topicDetails/HORIZON-CL6-2024-BIODIV-01-2.json
HORIZON-CL6-2024-BIODIV-01-6,Horizon Europe,open,2023-10-17,2024-02-22,single-stage,,HORIZON  Research and Innovation Actions,https://ec.europa.eu/info/funding-tenders/opportunities/data/topicDetails/HORIZON-CL6-2024-BIODIV-01-6.json
HORIZON-CL6-2024-COMMUNITIES-02-1-two-stage,Horizon Europe,open,2023-10-17,2024-02-22,two-stage,,HORIZON Innovation Actions,https://ec.europa.eu/info/funding-tenders/opportunities/data/topicDetails/HORIZON-CL6-2024-COMMUNITIES-02-1-two-stage.json
HORIZON-CL6-2024-CLIMATE-01-4,Horizon Europe,open,2023-10-17,2024-02-22,single-stage,,HORIZON  Research and Innovation Actions,https://ec.europa.eu/info/funding-tenders/opportunities/data/topicDetails/HORIZON-CL6-2024-CLIMATE-01-4.json
HORIZON-CL6-2024-CLIMATE-01-1,Horizon Europe,open,2023-10-17,2024-02-22,single-stage,,HORIZON Innovation Actions,https://ec.europa.eu/info/funding-tenders/opportunities/data/topicDetails/HORIZON-CL6-2024-CLIMATE-01-1.json
HORIZON-CL6-2024-CLIMATE-01-2,Horizon Europe,open,2023-10-17,2024-02-22,single-stage,,HORIZON  Research and Innovation Actions,https://ec.europa.eu/info/funding-tenders/opportunities/data/topicDetails/HORIZON-CL6-2024-CLIMATE-01-2.json
HORIZON-CL6-2024-BIODIV-02-3-two-stage,Horizon Europe,open,2023-10-17,2024-02-22,two-stage,,HORIZON  Research and Innovation Actions,https://ec.europa.eu/info/funding-tenders/opportunities/data/topicDetails/HORIZON-CL6-2024-BIODIV-02-3-two-stage.json
HORIZON-CL6-2024-CLIMATE-01-5,Horizon Europe,open,2023-10-17,2024-02-22,single-stage,,HORIZON  Research and Innovation Actions,https://ec.europa.eu/info/funding-tenders/opportunities/data/topicDetails/HORIZON-CL6-2024-CLIMATE-01-5.json
HORIZON-CL6-2024-CLIMATE-01-3,Horizon Europe,open,2023-10-17,2024-02-22,single-stage,,HORIZON Innovation Actions,https://ec.europa.eu/info/funding-tenders/opportunities/data/topicDetails/HORIZON-CL6-2024-CLIMATE-01-3.json
HORIZON-CL6-2024-FARM2FORK-01-1,Horizon Europe,open,2023-10-17,2024-02-22,single-stage,,HORIZON  Research and Innovation Actions,https://ec.europa.eu/info/funding-tenders/opportunities/data/topicDetails/HORIZON-CL6-2024-FARM2FORK-01-1.json
HORIZON-CL6-2024-FARM2FORK-01-10,Horizon Europe,open,2023-10-17,2024-02-22,single-stage,,HORIZON  Research and Innovation Actions,https://ec.europa.eu/info/funding-tenders/opportunities/data/topicDetails/HORIZON-CL6-2024-FARM2FORK-01-10.json
HORIZON-CL6-2024-FARM2FORK-01-11,Horizon Europe,open,2023-10-17,2024-02-22,single-stage,,HORIZON  Research and Innovation Actions,https://ec.europa.eu/info/funding-tenders/opportunities/data/topicDetails/HORIZON-CL6-2024-FARM2FORK-01-11.json
HORIZON-CL6-2024-FARM2FORK-01-2,Horizon Europe,open,2023-10-17,2024-02-22,single-stage,,HORIZON  Research and Innovation Actions,https://ec.europa.eu/info/funding-tenders/opportunities/data/topicDetails/HORIZON-CL6-2024-FARM2FORK-01-2.json
HORIZON-CL6-2024-ZEROPOLLUTION-01-2,Horizon Europe,open,2023-10-17,2024-02-22,single-stage,,HORIZON Coordination and Support Actions,https://ec.europa.eu/info/funding-tenders/opportunities/data/topicDetails/HORIZON-CL6-2024-ZEROPOLLUTION-01-2.json
HORIZON-CL6-2024-ZEROPOLLUTION-01-1,Horizon Europe,open,2023-10-17,2024-02-22,single-stage,,HORIZON Innovation Actions,https://ec.europa.eu/info/funding-tenders/opportunities/data/topicDetails/HORIZON-CL6-2024-ZEROPOLLUTION-01-1.json
HORIZON-CL6-2024-ZEROPOLLUTION-01-3,Horizon Europe,open,2023-10-17,2024-02-22,single-stage,,HORIZON  Research and Innovation Actions,https://ec.europa.eu/info/funding-tenders/opportunities/data/topicDetails/HORIZON-CL6-2024-ZEROPOLLUTION-01-3.json
HORIZON-CL6-2024-FARM2FORK-02-7-two-stage,Horizon Europe,open,2023-10-17,2024-02-22,two-stage,,HORIZON Innovation Actions,https://ec.europa.eu/info/funding-tenders/opportunities/data/topicDetails/HORIZON-CL6-2024-FARM2FORK-02-7-two-stage.json
HORIZON-CL6-2024-FARM2FORK-02-1-two-stage,Horizon Europe,open,2023-10-17,2024-02-22,two-stage,,HORIZON Innovation Actions,https://ec.europa.eu/info/funding-tenders/opportunities/data/topicDetails/HORIZON-CL6-2024-FARM2FORK-02-1-two-stage.json
HORIZON-CL6-2024-FARM2FORK-02-2-two-stage,Horizon Europe,open,2023-10-17,2024-02-22,two-stage,,HORIZON Innovation Actions,https://ec.europa.eu/info/funding-tenders/opportunities/data/topicDetails/HORIZON-CL6-2024-FARM2FORK-02-2-two-stage.json
HORIZON-CL6-2024-FARM2FORK-02-5-two-stage,Horizon Europe,open,2023-10-17,2024-02-22,two-stage,,HORIZON  Research and Innovation Actions,https://ec.europa.eu/info/funding-tenders/opportunities/data/topicDetails/HORIZON-CL6-2024-FARM2FORK-02-5-two-stage.json
HORIZON-CL6-2024-FARM2FORK-02-6-two-stage,Horizon Europe,open,2023-10-17,2024-02-22,two-stage,,HORIZON Innovation Actions,https://ec.europa.eu/info/funding-tenders/opportunities/data/topicDetails/HORIZON-CL6-2024-FARM2FORK-02-6-two-stage.json
HORIZON-CL6-2024-FARM2FORK-01-3,Horizon Europe,open,2023-10-17,2024-02-22,single-stage,,HORIZON Coordination and Support Actions,https://ec.europa.eu/info/funding-tenders/opportunities/data/topicDetails/HORIZON-CL6-2024-FARM2FORK-01-3.json
HORIZON-CL6-2024-FARM2FORK-02-4-two-stage,Horizon Europe,open,2023-10-17,2024-02-22,two-stage,,HORIZON  Research and Innovation Actions,https://ec.europa.eu/info/funding-tenders/opportunities/data/topicDetails/HORIZON-CL6-2024-FARM2FORK-02-4-two-stage.json
HORIZON-CL6-2024-FARM2FORK-02-3-two-stage,Horizon Europe,open,2023-10-17,2024-02-22,two-stage,,HORIZON Innovation Actions,https://ec.europa.eu/info/funding-tenders/opportunities/data/topicDetails/HORIZON-CL6-2024-FARM2FORK-02-3-two-stage.json
HORIZON-CL6-2024-FARM2FORK-01-7,Horizon Europe,open,2023-10-17,2024-02-22,single-stage,,HORIZON  Research and Innovation Actions,https://ec.europa.eu/info/funding-tenders/opportunities/data/topicDetails/HORIZON-CL6-2024-FARM2FORK-01-7.json
HORIZON-CL6-2024-FARM2FORK-01-6,Horizon Europe,open,2023-10-17,2024-02-22,single-stage,,HORIZON  Research and Innovation Actions,https://ec.europa.eu/info/funding-tenders/opportunities/data/topicDetails/HORIZON-CL6-2024-FARM2FORK-01-6.json
HORIZON-CL6-2024-FARM2FORK-01-4,Horizon Europe,open,2023-10-17,2024-02-22,single-stage,,HORIZON  Research and Innovation Actions,https://ec.europa.eu/info/funding-tenders/opportunities/data/topicDetails/HORIZON-CL6-2024-FARM2FORK-01-4.json
HORIZON-CL6-2024-FARM2FORK-01-5,Horizon Europe,open,2023-10-17,2024-02-22,single-stage,,HORIZON Innovation Actions,https://ec.europa.eu/info/funding-tenders/opportunities/data/topicDetails/HORIZON-CL6-2024-FARM2FORK-01-5.json
HORIZON-CL6-2024-FARM2FORK-01-8,Horizon Europe,open,2023-10-17,2024-02-22,single-stage,,HORIZON  Research and Innovation Actions,https://ec.europa.eu/info/funding-tenders/opportunities/data/topicDetails/HORIZON-CL6-2024-FARM2FORK-01-8.json
HORIZON-CL6-2024-FARM2FORK-01-9,Horizon Europe,open,2023-10-17,2024-02-22,single-stage,,HORIZON Innovation Actions,https://ec.europa.eu/info/funding-tenders/opportunities/data/topicDetails/HORIZON-CL6-2024-FARM2FORK-01-9.json
IMCAP-2024-INFOME,IMCAP,open,2023-10-17,2024-01-09,single-stage,,IMCAP Project Grants,https://ec.europa.eu/info/funding-tenders/opportunities/data/topicDetails/IMCAP-2024-INFOME.json
HORIZON-CL5-2024-D1-01-06,Horizon Europe,open,2023-09-12,2024-03-05,single-stage,,HORIZON  Research and Innovation Actions,https://ec.europa.eu/info/funding-tenders/opportunities/data/topicDetails/HORIZON-CL5-2024-D1-01-06.json
HORIZON-CL2-2024-TRANSFORMATIONS-01-09,Horizon Europe,open,2023-10-04,2024-02-07,single-stage,,HORIZON  Research and Innovation Actions,https://ec.europa.eu/info/funding-tenders/opportunities/data/topicDetails/HORIZON-CL2-2024-TRANSFORMATIONS-01-09.json
CREA-MEDIA-2024-DEVVGIM,Creative Europe,open,2023-10-03,2024-01-24,single-stage,,CREA Lump Sum Grants,https://ec.europa.eu/info/funding-tenders/opportunities/data/topicDetails/CREA-MEDIA-2024-DEVVGIM.json
HORIZON-CL6-2024-BIODIV-02-2-two-stage,Horizon Europe,open,2023-10-17,2024-02-22,two-stage,,HORIZON Innovation Actions,https://ec.europa.eu/info/funding-tenders/opportunities/data/topicDetails/HORIZON-CL6-2024-BIODIV-02-2-two-stage.json
HORIZON-CL6-2024-CircBio-02-2-two-stage,Horizon Europe,open,2023-10-17,2024-02-22,two-stage,,HORIZON Innovation Actions,https://ec.europa.eu/info/funding-tenders/opportunities/data/topicDetails/HORIZON-CL6-2024-CircBio-02-2-two-stage.json
HORIZON-CL6-2024-BIODIV-01-7,Horizon Europe,open,2023-10-17,2024-02-22,single-stage,,HORIZON  Research and Innovation Actions,https://ec.europa.eu/info/funding-tenders/opportunities/data/topicDetails/HORIZON-CL6-2024-BIODIV-01-7.json
HORIZON-CL6-2024-BIODIV-02-1-two-stage,Horizon Europe,open,2023-10-17,2024-02-22,two-stage,,HORIZON Innovation Actions,https://ec.europa.eu/info/funding-tenders/opportunities/data/topicDetails/HORIZON-CL6-2024-BIODIV-02-1-two-stage.json
HORIZON-CL6-2024-ZEROPOLLUTION-02-2-two-stage,Horizon Europe,open,2023-10-17,2024-02-21,two-stage,,HORIZON  Research and Innovation Actions,https://ec.europa.eu/info/funding-tenders/opportunities/data/topicDetails/HORIZON-CL6-2024-ZEROPOLLUTION-02-2-two-stage.json
HORIZON-MSCA-2023-COFUND-01-01,Horizon Europe,open,2023-10-10,2024-02-08,single-stage,,HORIZON TMA MSCA Cofund Doctoral programmeHORIZON TMA MSCA Cofund Postdoctoral programme,https://ec.europa.eu/info/funding-tenders/opportunities/data/topicDetails/HORIZON-MSCA-2023-COFUND-01-01.json
HORIZON-MSCA-2024-COFUND-01-01,Horizon Europe,forthcoming,2024-10-08,2025-02-06,single-stage,,HORIZON TMA MSCA Cofund Doctoral programmeHORIZON TMA MSCA Cofund Postdoctoral programme,https://ec.europa.eu/info/funding-tenders/opportunities/data/topicDetails/HORIZON-MSCA-2024-COFUND-01-01.json
HORIZON-CL6-2024-GOVERNANCE-01-5,Horizon Europe,open,2023-10-17,2024-02-28,single-stage,,HORIZON Pre-commercial Procurement,https://ec.europa.eu/info/funding-tenders/opportunities/data/topicDetails/HORIZON-CL6-2024-GOVERNANCE-01-5.json
HORIZON-CL6-2024-GOVERNANCE-01-6,Horizon Europe,open,2023-10-17,2024-02-28,single-stage,,HORIZON  Research and Innovation Actions,https://ec.europa.eu/info/funding-tenders/opportunities/data/topicDetails/HORIZON-CL6-2024-GOVERNANCE-01-6.json
HORIZON-CL6-2024-GOVERNANCE-01-8,Horizon Europe,open,2023-10-17,2024-02-28,single-stage,,HORIZON Coordination and Support Actions,https://ec.europa.eu/info/funding-tenders/opportunities/data/topicDetails/HORIZON-CL6-2024-GOVERNANCE-01-8.json
HORIZON-CL6-2024-GOVERNANCE-01-9,Horizon Europe,open,2023-10-17,2024-02-28,single-stage,,HORIZON Coordination and Support Actions,https://ec.europa.eu/info/funding-tenders/opportunities/data/topicDetails/HORIZON-CL6-2024-GOVERNANCE-01-9.json
HORIZON-CL6-2024-GOVERNANCE-01-2,Horizon Europe,open,2023-10-17,2024-02-28,single-stage,,HORIZON Coordination and Support Actions,https://ec.europa.eu/info/funding-tenders/opportunities/data/topicDetails/HORIZON-CL6-2024-GOVERNANCE-01-2.json
HORIZON-CL6-2024-GOVERNANCE-01-3,Horizon Europe,open,2023-10-17,2024-02-28,single-stage,,HORIZON Coordination and Support Actions,https://ec.europa.eu/info/funding-tenders/opportunities/data/topicDetails/HORIZON-CL6-2024-GOVERNANCE-01-3.json
HORIZON-CL6-2024-GOVERNANCE-01-1,Horizon Europe,open,2023-10-17,2024-02-28,single-stage,,HORIZON Programme Cofund Actions,https://ec.europa.eu/info/funding-tenders/opportunities/data/topicDetails/HORIZON-CL6-2024-GOVERNANCE-01-1.json
HORIZON-CL6-2024-GOVERNANCE-01-10,Horizon Europe,open,2023-10-17,2024-02-28,single-stage,,HORIZON Coordination and Support Actions,https://ec.europa.eu/info/funding-tenders/opportunities/data/topicDetails/HORIZON-CL6-2024-GOVERNANCE-01-10.json
HORIZON-CL6-2024-GOVERNANCE-01-11,Horizon Europe,open,2023-10-17,2024-02-28,single-stage,,HORIZON Coordination and Support Actions,https://ec.europa.eu/info/funding-tenders/opportunities/data/topicDetails/HORIZON-CL6-2024-GOVERNANCE-01-11.json
HORIZON-CL6-2024-GOVERNANCE-01-12,Horizon Europe,open,2023-10-17,2024-02-28,single-stage,,HORIZON Coordination and Support Actions,https://ec.europa.eu/info/funding-tenders/opportunities/data/topicDetails/HORIZON-CL6-2024-GOVERNANCE-01-12.json
HORIZON-CL6-2024-GOVERNANCE-01-13,Horizon Europe,open,2023-10-17,2024-02-28,single-stage,,HORIZON Coordination and Support Actions,https://ec.europa.eu/info/funding-tenders/opportunities/data/topicDetails/HORIZON-CL6-2024-GOVERNANCE-01-13.json
HORIZON-CL2-2024-TRANSFORMATIONS-01-01,Horizon Europe,open,2023-10-04,2024-02-07,single-stage,,HORIZON Coordination and Support Actions,https://ec.europa.eu/info/funding-tenders/opportunities/data/topicDetails/HORIZON-CL2-2024-TRANSFORMATIONS-01-01.json
HORIZON-CL2-2024-TRANSFORMATIONS-01-11,Horizon Europe,open,2023-10-04,2024-02-07,single-stage,,HORIZON  Research and Innovation Actions,https://ec.europa.eu/info/funding-tenders/opportunities/data/topicDetails/HORIZON-CL2-2024-TRANSFORMATIONS-01-11.json
HORIZON-CL5-2024-D6-01-09,Horizon Europe,forthcoming,2024-05-07,2024-09-05,single-stage,,HORIZON  Research and Innovation Actions,https://ec.europa.eu/info/funding-tenders/opportunities/data/topicDetails/HORIZON-CL5-2024-D6-01-09.json
HORIZON-CL5-2024-D6-01-08,Horizon Europe,forthcoming,2024-05-07,2024-09-05,single-stage,,HORIZON Innovation Actions,https://ec.europa.eu/info/funding-tenders/opportunities/data/topicDetails/HORIZON-CL5-2024-D6-01-08.json
HORIZON-CL6-2024-CircBio-02-5-two-stage,Horizon Europe,open,2023-10-17,2024-02-22,two-stage,,HORIZON  Research and Innovation Actions,https://ec.europa.eu/info/funding-tenders/opportunities/data/topicDetails/HORIZON-CL6-2024-CircBio-02-5-two-stage.json
HORIZON-CL6-2024-ZEROPOLLUTION-02-1-two-stage,Horizon Europe,open,2023-10-17,2024-02-21,two-stage,,HORIZON Innovation Actions,https://ec.europa.eu/info/funding-tenders/opportunities/data/topicDetails/HORIZON-CL6-2024-ZEROPOLLUTION-02-1-two-stage.json
HORIZON-CL6-2024-CircBio-02-4-two-stage,Horizon Europe,open,2023-10-17,2024-02-22,two-stage,,HORIZON Innovation Actions,https://ec.europa.eu/info/funding-tenders/opportunities/data/topicDetails/HORIZON-CL6-2024-CircBio-02-4-two-stage.json
HORIZON-CL6-2024-BIODIV-01-5,Horizon Europe,open,2023-10-17,2024-02-22,single-stage,,HORIZON  Research and Innovation Actions,https://ec.europa.eu/info/funding-tenders/opportunities/data/topicDetails/HORIZON-CL6-2024-BIODIV-01-5.json
HORIZON-CL6-2024-CircBio-02-3-two-stage,Horizon Europe,open,2023-10-17,2024-02-22,two-stage,,HORIZON Innovation Actions,https://ec.europa.eu/info/funding-tenders/opportunities/data/topicDetails/HORIZON-CL6-2024-CircBio-02-3-two-stage.json
HORIZON-CL6-2024-BIODIV-01-1,Horizon Europe,open,2023-10-17,2024-02-22,single-stage,,HORIZON Innovation Actions,https://ec.europa.eu/info/funding-tenders/opportunities/data/topicDetails/HORIZON-CL6-2024-BIODIV-01-1.json
HORIZON-CL6-2024-BIODIV-01-4,Horizon Europe,open,2023-10-17,2024-02-22,single-stage,,HORIZON  Research and Innovation Actions,https://ec.europa.eu/info/funding-tenders/opportunities/data/topicDetails/HORIZON-CL6-2024-BIODIV-01-4.json
HORIZON-CL4-2024-HUMAN-01-61,Horizon Europe,forthcoming,2023-11-15,2024-03-19,single-stage,,HORIZON Coordination and Support Actions,https://ec.europa.eu/info/funding-tenders/opportunities/data/topicDetails/HORIZON-CL4-2024-HUMAN-01-61.json
HORIZON-CL4-2024-HUMAN-01-06,Horizon Europe,forthcoming,2023-11-15,2024-03-19,single-stage,,HORIZON  Research and Innovation Actions,https://ec.europa.eu/info/funding-tenders/opportunities/data/topicDetails/HORIZON-CL4-2024-HUMAN-01-06.json
HORIZON-CL4-2024-HUMAN-01-07,Horizon Europe,forthcoming,2023-11-15,2024-03-19,single-stage,,HORIZON  Research and Innovation Actions,https://ec.europa.eu/info/funding-tenders/opportunities/data/topicDetails/HORIZON-CL4-2024-HUMAN-01-07.json
CREA-MEDIA-2024-INNOVBUSMOD,Creative Europe,open,2023-10-03,2024-01-25,single-stage,,CREA Project Grants,https://ec.europa.eu/info/funding-tenders/opportunities/data/topicDetails/CREA-MEDIA-2024-INNOVBUSMOD.json
HORIZON-CL6-2024-CircBio-01-10,Horizon Europe,open,2023-10-17,2024-02-22,single-stage,,HORIZON  Research and Innovation Actions,https://ec.europa.eu/info/funding-tenders/opportunities/data/topicDetails/HORIZON-CL6-2024-CircBio-01-10.json
HORIZON-CL6-2024-CircBio-01-1,Horizon Europe,open,2023-10-17,2024-02-22,single-stage,,HORIZON Coordination and Support Actions,https://ec.europa.eu/info/funding-tenders/opportunities/data/topicDetails/HORIZON-CL6-2024-CircBio-01-1.json
HORIZON-CL6-2024-CircBio-01-2,Horizon Europe,open,2023-10-17,2024-02-22,single-stage,,HORIZON Innovation Actions,https://ec.europa.eu/info/funding-tenders/opportunities/data/topicDetails/HORIZON-CL6-2024-CircBio-01-2.json
HORIZON-CL6-2024-CircBio-01-4,Horizon Europe,open,2023-10-17,2024-02-22,single-stage,,HORIZON Innovation Actions,https://ec.europa.eu/info/funding-tenders/opportunities/data/topicDetails/HORIZON-CL6-2024-CircBio-01-4.json
HORIZON-CL6-2024-CircBio-01-6,Horizon Europe,open,2023-10-17,2024-02-22,single-stage,,HORIZON  Research and Innovation Actions,https://ec.europa.eu/info/funding-tenders/opportunities/data/topicDetails/HORIZON-CL6-2024-CircBio-01-6.json
HORIZON-CL6-2024-CircBio-01-7,Horizon Europe,open,2023-10-17,2024-02-22,single-stage,,HORIZON Innovation Actions,https://ec.europa.eu/info/funding-tenders/opportunities/data/topicDetails/HORIZON-CL6-2024-CircBio-01-7.json
HORIZON-CL6-2024-CircBio-01-8,Horizon Europe,open,2023-10-17,2024-02-22,single-stage,,HORIZON Coordination and Support Actions,https://ec.europa.eu/info/funding-tenders/opportunities/data/topicDetails/HORIZON-CL6-2024-CircBio-01-8.json
HORIZON-CL6-2024-CircBio-01-5,Horizon Europe,open,2023-10-17,2024-02-22,single-stage,,HORIZON  Research and Innovation Actions,https://ec.europa.eu/info/funding-tenders/opportunities/data/topicDetails/HORIZON-CL6-2024-CircBio-01-5.json
HORIZON-CL6-2024-CircBio-01-9,Horizon Europe,open,2023-10-17,2024-02-22,single-stage,,HORIZON Coordination and Support Actions,https://ec.europa.eu/info/funding-tenders/opportunities/data/topicDetails/HORIZON-CL6-2024-CircBio-01-9.json
EuropeAid/179608/DD/ACT/MD,NDICI / EuropeAid,open,2023-10-20,2024-01-15,,,,https://ec.europa.eu/info/funding-tenders/opportunities/data/topicDetails/179608EN
CREA-CULT-2024-COOP-2,Creative Europe,open,2023-10-19,2024-01-23,single-stage,,CREA Lump Sum Grants,https://ec.europa.eu/info/funding-tenders/opportunities/data/topicDetails/CREA-CULT-2024-COOP-2.json
CREA-CULT-2024-COOP-1,Creative Europe,open,2023-10-19,2024-01-23,single-stage,,CREA Lump Sum Grants,https://ec.europa.eu/info/funding-tenders/opportunities/data/topicDetails/CREA-CULT-2024-COOP-1.json
HORIZON-HLTH-2024-TOOL-11-02,Horizon Europe,open,2023-10-26,2024-04-11,single-stage,,HORIZON  Research and Innovation Actions,https://ec.europa.eu/info/funding-tenders/opportunities/data/topicDetails/HORIZON-HLTH-2024-TOOL-11-02.json
CREA-CROSS-2024-JOURPART-PLURALISM,Creative Europe,open,2023-10-26,2024-02-14,single-stage,,CREA Project Grants,https://ec.europa.eu/info/funding-tenders/opportunities/data/topicDetails/CREA-CROSS-2024-JOURPART-PLURALISM.json
HORIZON-HLTH-2024-IND-06-08,Horizon Europe,open,2023-10-26,2024-04-11,single-stage,,HORIZON  Research and Innovation Actions,https://ec.europa.eu/info/funding-tenders/opportunities/data/topicDetails/HORIZON-HLTH-2024-IND-06-08.json
CREA-CROSS-2024-INNOVLAB,Creative Europe,open,2023-10-26,2024-04-25,single-stage,,CREA Project Grants,https://ec.europa.eu/info/funding-tenders/opportunities/data/topicDetails/CREA-CROSS-2024-INNOVLAB.json
HORIZON-HLTH-2024-DISEASE-08-12,Horizon Europe,open,2023-10-26,2024-04-11,single-stage,,HORIZON Coordination and Support Actions,https://ec.europa.eu/info/funding-tenders/opportunities/data/topicDetails/HORIZON-HLTH-2024-DISEASE-08-12.json
HORIZON-HLTH-2024-DISEASE-08-20,Horizon Europe,open,2023-10-26,2024-04-11,single-stage,,HORIZON  Research and Innovation Actions,https://ec.europa.eu/info/funding-tenders/opportunities/data/topicDetails/HORIZON-HLTH-2024-DISEASE-08-20.json
HORIZON-HLTH-2024-IND-06-09,Horizon Europe,open,2023-10-26,2024-04-11,single-stage,,HORIZON Coordination and Support Actions,https://ec.europa.eu/info/funding-tenders/opportunities/data/topicDetails/HORIZON-HLTH-2024-IND-06-09.json
CEF-DIG-2023-GATEWAYS-WORKS,Connecting Europe Facility,open,2023-10-17,2024-02-20,single-stage,,CEF Infrastructure Projects,https://ec.europa.eu/info/funding-tenders/opportunities/data/topicDetails/CEF-DIG-2023-GATEWAYS-WORKS.json
CEF-DIG-2023-GATEWAYS-STUDIES,Connecting Europe Facility,open,2023-10-17,2024-02-20,single-stage,,CEF Project Grants,https://ec.europa.eu/info/funding-tenders/opportunities/data/topicDetails/CEF-DIG-2023-GATEWAYS-STUDIES.json
CEF-DIG-2023-5GCORRIDORS-WORKS,Connecting Europe Facility,open,2023-10-17,2024-02-20,single-stage,,CEF Infrastructure Projects,https://ec.europa.eu/info/funding-tenders/opportunities/data/topicDetails/CEF-DIG-2023-5GCORRIDORS-WORKS.json
CEF-DIG-2023-5GCORRIDORS-STUDIES,Connecting Europe Facility,open,2023-10-17,2024-02-20,single-stage,,CEF Project Grants,https://ec.europa.eu/info/funding-tenders/opportunities/data/topicDetails/CEF-DIG-2023-5GCORRIDORS-STUDIES.json
CEF-DIG-2023-5GSMARTCOM-EDGE-WORKS,Connecting Europe Facility,open,2023-10-17,2024-02-20,single-stage,,CEF Infrastructure Projects,https://ec.europa.eu/info/funding-tenders/opportunities/data/topicDetails/CEF-DIG-2023-5GSMARTCOM-EDGE-WORKS.json
CREA-CULT-2024-PLAT,Creative Europe,open,2023-10-26,2024-01-31,single-stage,,CREA Lump Sum Grants,https://ec.europa.eu/info/funding-tenders/opportunities/data/topicDetails/CREA-CULT-2024-PLAT.json
EMFAF-2023-PIA-MSP,EMFAF,open,2023-10-26,2024-02-27,single-stage,,EMFAF Project Grants,https://ec.europa.eu/info/funding-tenders/opportunities/data/topicDetails/EMFAF-2023-PIA-MSP.json
EuropeAid/179702/ID/ACT/MK,NDICI / EuropeAid,open,2023-10-26,2024-01-09,,,,https://ec.europa.eu/info/funding-tenders/opportunities/data/topicDetails/179702EN
CERV-2024-CITIZENS-VALUES,CERV,open,2023-10-26,2024-03-07,single-stage,,CERV Project Grants,https://ec.europa.eu/info/funding-tenders/opportunities/data/topicDetails/CERV-2024-CITIZENS-VALUES.json
HORIZON-CL3-2024-BM-01-02,Horizon Europe,forthcoming,2024-06-27,2024-11-20,single-stage,,HORIZON Innovation Actions,https://ec.europa.eu/info/funding-tenders/opportunities/data/topicDetails/HORIZON-CL3-2024-BM-01-02.json
ERASMUS-EDU-2024-EUR-UNIV-1,Erasmus+,open,2023-10-03,2024-02-06,single-stage,,ERASMUS Lump Sum Grants,https://ec.europa.eu/info/funding-tenders/opportunities/data/topicDetails/ERASMUS-EDU-2024-EUR-UNIV-1.json
ERASMUS-EDU-2024-EUR-UNIV-2,Erasmus+,open,2023-10-03,2024-02-06,single-stage,,ERASMUS Lump Sum Grants,https://ec.europa.eu/info/funding-tenders/opportunities/data/topicDetails/ERASMUS-EDU-2024-EUR-UNIV-2.json
HORIZON-CL3-2024-DRS-01-04,Horizon Europe,forthcoming,2024-06-27,2024-11-20,single-stage,,HORIZON  Research and Innovation Actions,https://ec.europa.eu/info/funding-tenders/opportunities/data/topicDetails/HORIZON-CL3-2024-DRS-01-04.json
HORIZON-CL3-2024-FCT-01-03,Horizon Europe,forthcoming,2024-06-27,2024-11-20,single-stage,,HORIZON  Research and Innovation Actions,https://ec.europa.eu/info/funding-tenders/opportunities/data/topicDetails/HORIZON-CL3-2024-FCT-01-03.json
HORIZON-CL3-2024-FCT-01-01,Horizon Europe,forthcoming,2024-06-27,2024-11-20,single-stage,,HORIZON  Research and Innovation Actions,https://ec.europa.eu/info/funding-tenders/opportunities/data/topicDetails/HORIZON-CL3-2024-FCT-01-01.json
HORIZON-CL3-2024-INFRA-01-01,Horizon Europe,forthcoming,2024-06-27,2024-11-20,single-stage,,HORIZON Innovation Actions,https://ec.europa.eu/info/funding-tenders/opportunities/data/topicDetails/HORIZON-CL3-2024-INFRA-01-01.json
HORIZON-CL3-2024-INFRA-01-02,Horizon Europe,forthcoming,2024-06-27,2024-11-20,single-stage,,HORIZON Innovation Actions,https://ec.europa.eu/info/funding-tenders/opportunities/data/topicDetails/HORIZON-CL3-2024-INFRA-01-02.json
HORIZON-CL3-2024-INFRA-01-03,Horizon Europe,forthcoming,2024-06-27,2024-11-20,single-stage,,HORIZON  Research and Innovation Actions,https://ec.europa.eu/info/funding-tenders/opportunities/data/topicDetails/HORIZON-CL3-2024-INFRA-01-03.json
HORIZON-CL3-2024-FCT-01-04,Horizon Europe,forthcoming,2024-06-27,2024-11-20,single-stage,,HORIZON  Research and Innovation Actions,https://ec.europa.eu/info/funding-tenders/opportunities/data/topicDetails/HORIZON-CL3-2024-FCT-01-04.json
EuropeAid/178425/DD/ACT/TZ,NDICI / EuropeAid,open,2023-11-01,2024-01-17,,,,https://ec.europa.eu/info/funding-tenders/opportunities/data/topicDetails/178425EN
HORIZON-CL5-2024-D1-01-05,Horizon Europe,open,2023-09-12,2024-03-05,single-stage,,HORIZON  Research and Innovation Actions,https://ec.europa.eu/info/funding-tenders/opportunities/data/topicDetails/HORIZON-CL5-2024-D1-01-05.json
HORIZON-EUSPA-2023-SPACE-01-46,Horizon Europe,open,2023-10-26,2024-02-14,single-stage,,HORIZON  Research and Innovation Actions,https://ec.europa.eu/info/funding-tenders/opportunities/data/topicDetails/HORIZON-EUSPA-2023-SPACE-01-46.json
HORIZON-EUSPA-2023-SPACE-01-61,Horizon Europe,open,2023-10-26,2024-02-14,single-stage,,HORIZON Innovation Actions,https://ec.europa.eu/info/funding-tenders/opportunities/data/topicDetails/HORIZON-EUSPA-2023-SPACE-01-61.json
HORIZON-EUSPA-2023-SPACE-01-41,Horizon Europe,open,2023-10-26,2024-02-14,single-stage,,HORIZON Innovation Actions,https://ec.europa.eu/info/funding-tenders/opportunities/data/topicDetails/HORIZON-EUSPA-2023-SPACE-01-41.json
HORIZON-EUSPA-2023-SPACE-01-42,Horizon Europe,open,2023-10-26,2024-02-14,single-stage,,HORIZON Innovation Actions,https://ec.europa.eu/info/funding-tenders/opportunities/data/topicDetails/HORIZON-EUSPA-2023-SPACE-01-42.json
HORIZON-EUSPA-2023-SPACE-01-43,Horizon Europe,open,2023-10-26,2024-02-14,single-stage,,HORIZON  Research and Innovation Actions,https://ec.europa.eu/info/funding-tenders/opportunities/data/topicDetails/HORIZON-EUSPA-2023-SPACE-01-43.json
DIGITAL-EUROHPC-JU-2023-ACADEMY-02-01,Digital Europe,open,2023-11-07,2024-06-06,single-stage,,DIGITAL JU Coordination and Support Actions,https://ec.europa.eu/info/funding-tenders/opportunities/data/topicDetails/DIGITAL-EUROHPC-JU-2023-ACADEMY-02-01.json
CREA-MEDIA-2024-MARKETNET,Creative Europe,open,2023-10-03,2024-01-18,single-stage,,CREA Project Grants,https://ec.europa.eu/info/funding-tenders/opportunities/data/topicDetails/CREA-MEDIA-2024-MARKETNET.json
EUBA-EFSA-2023-ENREL-01,EUBA,open,2023-11-07,2024-03-14,single-stage,,EUBA Type of Action,https://ec.europa.eu/info/funding-tenders/opportunities/data/topicDetails/EUBA-EFSA-2023-ENREL-01.json
HORIZON-EUROHPC-JU-2023-ENERGY-04-01,Horizon Europe,open,2023-11-07,2024-02-07,single-stage,,HORIZON JU Research and Innovation Actions,https://ec.europa.eu/info/funding-tenders/opportunities/data/topicDetails/HORIZON-EUROHPC-JU-2023-ENERGY-04-01.json
CREA-CROSS-2024-MEDIALITERACY,Creative Europe,open,2023-10-26,2024-03-07,single-stage,,CREA Project Grants,https://ec.europa.eu/info/funding-tenders/opportunities/data/topicDetails/CREA-CROSS-2024-MEDIALITERACY.json
ESF-2023-HOMELESS,ESF+,open,2023-09-14,2024-01-11,single-stage,,ESF Project Grants,https://ec.europa.eu/info/funding-tenders/opportunities/data/topicDetails/ESF-2023-HOMELESS.json
HORIZON-EUROHPC-JU-2023-QEC-05-01,Horizon Europe,open,2023-11-07,2024-05-14,single-stage,,HORIZON  Research and Innovation Actions,https://ec.europa.eu/info/funding-tenders/opportunities/data/topicDetails/HORIZON-EUROHPC-JU-2023-QEC-05-01.json
EuropeAid/179919/DD/ACT/RS,NDICI / EuropeAid,open,2023-11-08,2024-01-09,,,,https://ec.europa.eu/info/funding-tenders/opportunities/data/topicDetails/179919EN
EuropeAid/179906/DD/ACT/GE,NDICI / EuropeAid,open,2023-11-13,2024-01-31,,,,https://ec.europa.eu/info/funding-tenders/opportunities/data/topicDetails/179906EN
ERC-2024-PERA,ERC,open,2023-11-14,2024-02-21,single-stage,,HORIZON Recognition Prize,https://ec.europa.eu/info/funding-tenders/opportunities/data/topicDetails/ERC-2024-PERA.json
HORIZON-CL4-2024-DATA-01-03,Horizon Europe,open,2023-11-15,2024-03-19,single-stage,,HORIZON Innovation Actions,https://ec.europa.eu/info/funding-tenders/opportunities/data/topicDetails/HORIZON-CL4-2024-DATA-01-03.json
HORIZON-CL4-2024-DATA-01-05,Horizon Europe,open,2023-11-15,2024-03-19,single-stage,,HORIZON Coordination and Support Actions,https://ec.europa.eu/info/funding-tenders/opportunities/data/topicDetails/HORIZON-CL4-2024-DATA-01-05.json
HORIZON-CL4-2024-DATA-01-01,Horizon Europe,open,2023-11-15,2024-03-19,single-stage,,HORIZON Innovation Actions,https://ec.europa.eu/info/funding-tenders/opportunities/data/topicDetails/HORIZON-CL4-2024-DATA-01-01.json
I3-2023-CAP2b,I3,open,2023-11-15,2024-02-15,multiple cut-off,,I3 Project Grants,https://ec.europa.eu/info/funding-tenders/opportunities/data/topicDetails/I3-2023-CAP2b.json
HORIZON-CL4-2024-DIGITAL-EMERGING-01-03,Horizon Europe,open,2023-11-15,2024-03-19,single-stage,,HORIZON  Research and Innovation Actions,https://ec.europa.eu/info/funding-tenders/opportunities/data/topicDetails/HORIZON-CL4-2024-DIGITAL-EMERGING-01-03.json
HORIZON-CL4-2024-DIGITAL-EMERGING-01-04,Horizon Europe,open,2023-11-15,2024-03-19,single-stage,,HORIZON Innovation Actions,https://ec.europa.eu/info/funding-tenders/opportunities/data/topicDetails/HORIZON-CL4-2024-DIGITAL-EMERGING-01-04.json
HORIZON-CL4-2024-DIGITAL-EMERGING-01-54,Horizon Europe,open,2023-11-15,2024-03-19,single-stage,,HORIZON  Research and Innovation Actions,https://ec.europa.eu/info/funding-tenders/opportunities/data/topicDetails/HORIZON-CL4-2024-DIGITAL-EMERGING-01-54.json
HORIZON-CL4-2024-DIGITAL-EMERGING-01-55,Horizon Europe,open,2023-11-15,2024-03-19,single-stage,,HORIZON Innovation Actions,https://ec.europa.eu/info/funding-tenders/opportunities/data/topicDetails/HORIZON-CL4-2024-DIGITAL-EMERGING-01-55.json
HORIZON-CL4-2024-DIGITAL-EMERGING-01-22,Horizon Europe,open,2023-11-15,2024-03-19,single-stage,,HORIZON  Research and Innovation Actions,https://ec.europa.eu/info/funding-tenders/opportunities/data/topicDetails/HORIZON-CL4-2024-DIGITAL-EMERGING-01-22.json
HORIZON-CL4-2024-DIGITAL-EMERGING-01-42,Horizon Europe,open,2023-11-15,2024-03-19,single-stage,,HORIZON  Research and Innovation Actions,https://ec.europa.eu/info/funding-tenders/opportunities/data/topicDetails/HORIZON-CL4-2024-DIGITAL-EMERGING-01-42.json
HORIZON-CL4-2024-DIGITAL-EMERGING-01-21,Horizon Europe,open,2023-11-15,2024-03-19,single-stage,,HORIZON  Research and Innovation Actions,https://ec.europa.eu/info/funding-tenders/opportunities/data/topicDetails/HORIZON-CL4-2024-DIGITAL-EMERGING-01-21.json
HORIZON-CL4-2024-DIGITAL-EMERGING-01-23,Horizon Europe,open,2023-11-15,2024-03-19,single-stage,,HORIZON Coordination and Support Actions,https://ec.europa.eu/info/funding-tenders/opportunities/data/topicDetails/HORIZON-CL4-2024-DIGITAL-EMERGING-01-23.json
HORIZON-CL4-2024-DIGITAL-EMERGING-01-34,Horizon Europe,open,2023-11-15,2024-03-19,single-stage,,HORIZON Coordination and Support Actions,https://ec.europa.eu/info/funding-tenders/opportunities/data/topicDetails/HORIZON-CL4-2024-DIGITAL-EMERGING-01-34.json
HORIZON-CL4-2024-DIGITAL-EMERGING-01-31,Horizon Europe,open,2023-11-15,2024-03-19,single-stage,,HORIZON  Research and Innovation Actions,https://ec.europa.eu/info/funding-tenders/opportunities/data/topicDetails/HORIZON-CL4-2024-DIGITAL-EMERGING-01-31.json
ERC-2024-POC,ERC,open,2023-11-16,2024-03-14,multiple cut-off,,HORIZON ERC Proof of Concept Grants,https://ec.europa.eu/info/funding-tenders/opportunities/data/topicDetails/ERC-2024-POC.json
DIGITAL-2023-SKILLS-05-SPECIAL-PROGEDU,Digital Europe,open,2023-11-21,2024-03-21,single-stage,,DIGITAL Coordination and Support Actions,https://ec.europa.eu/info/funding-tenders/opportunities/data/topicDetails/DIGITAL-2023-SKILLS-05-SPECIAL-PROGEDU.json
DIGITAL-2023-SKILLS-05-SPECIALEDU,Digital Europe,open,2023-11-21,2024-03-21,single-stage,,DIGITAL Lump Sum Grants,https://ec.europa.eu/info/funding-tenders/opportunities/data/topicDetails/DIGITAL-2023-SKILLS-05-SPECIALEDU.json
DIGITAL-2023-SKILLS-05-CYBERACADEMY,Digital Europe,open,2023-11-21,2024-03-21,single-stage,,DIGITAL Simple Grants,https://ec.europa.eu/info/funding-tenders/opportunities/data/topicDetails/DIGITAL-2023-SKILLS-05-CYBERACADEMY.json
CERV-2024-CHILD,CERV,open,2023-11-15,2024-03-26,single-stage,,CERV Lump Sum Grants,https://ec.europa.eu/info/funding-tenders/opportunities/data/topicDetails/CERV-2024-CHILD.json
CREA-CULT-2024-NET,Creative Europe,open,2023-11-23,2024-03-07,single-stage,,CREA Lump Sum Grants,https://ec.europa.eu/info/funding-tenders/opportunities/data/topicDetails/CREA-CULT-2024-NET.json
HORIZON-CL4-2024-DIGITAL-EMERGING-01-45,Horizon Europe,open,2023-11-15,2024-03-19,single-stage,,HORIZON Innovation Actions,https://ec.europa.eu/info/funding-tenders/opportunities/data/topicDetails/HORIZON-CL4-2024-DIGITAL-EMERGING-01-45.json
INNOVFUND-2023-NZT-MANUFACTURING,Innovation Fund,open,2023-11-23,2024-04-09,single-stage,,INNOVFUND Lump Sum Grants,https://ec.europa.eu/info/funding-tenders/opportunities/data/topicDetails/INNOVFUND-2023-NZT-MANUFACTURING.json
INNOVFUND-2023-NZT-GENERAL-SSP,Innovation Fund,open,2023-11-23,2024-04-09,single-stage,,INNOVFUND Lump Sum Grants,https://ec.europa.eu/info/funding-tenders/opportunities/data/topicDetails/INNOVFUND-2023-NZT-GENERAL-SSP.json
INNOVFUND-2023-NZT-GENERAL-MSP,Innovation Fund,open,2023-11-23,2024-04-09,single-stage,,INNOVFUND Lump Sum Grants,https://ec.europa.eu/info/funding-tenders/opportunities/data/topicDetails/INNOVFUND-2023-NZT-GENERAL-MSP.json
INNOVFUND-2023-NZT-PILOTS,Innovation Fund,open,2023-11-23,2024-04-09,single-stage,,INNOVFUND Lump Sum Grants,https://ec.europa.eu/info/funding-tenders/opportunities/data/topicDetails/INNOVFUND-2023-NZT-PILOTS.json
InnovFund-2023-AUC-RFNBO-Hydrogen,Innovation Fund,open,2023-11-23,2024-02-08,single-stage,,INNOVFUND Fixed Premium Auction Unit Grants,https://ec.europa.eu/info/funding-tenders/opportunities/data/topicDetails/InnovFund-2023-AUC-RFNBO-Hydrogen.json
INNOVFUND-2023-NZT-GENERAL-LSP,Innovation Fund,open,2023-11-23,2024-04-09,single-stage,,INNOVFUND Lump Sum Grants,https://ec.europa.eu/info/funding-tenders/opportunities/data/topicDetails/INNOVFUND-2023-NZT-GENERAL-LSP.json
EuropeAid/179978/ID/ACT/MA,NDICI / EuropeAid,open,2023-11-27,2024-02-19,,,,https://ec.europa.eu/info/funding-tenders/opportunities/data/topicDetails/179978EN
EuropeAid/179829/DD/ACT/IL,NDICI / EuropeAid,open,2023-11-27,2024-01-31,,,,https://ec.europa.eu/info/funding-tenders/opportunities/data/topicDetails/179829EN
DIGITAL-EUROHPC-JU-2023-AISC-03-01,Digital Europe,open,2023-11-28,2024-02-27,single-stage,,DIGITAL JU Simple Grants,https://ec.europa.eu/info/funding-tenders/opportunities/data/topicDetails/DIGITAL-EUROHPC-JU-2023-AISC-03-01.json
SMP-COMP-2023-JUDG,Single Market Programme,open,2023-11-28,2024-03-06,single-stage,,SMP Project Grants,https://ec.europa.eu/info/funding-tenders/opportunities/data/topicDetails/SMP-COMP-2023-JUDG.json
HORIZON-CL4-2024-SPACE-01-73,Horizon Europe,open,2023-11-21,2024-03-21,single-stage,,HORIZON  Research and Innovation Actions,https://ec.europa.eu/info/funding-tenders/opportunities/data/topicDetails/HORIZON-CL4-2024-SPACE-01-73.json
HORIZON-CL4-2024-SPACE-01-35,Horizon Europe,open,2023-11-21,2024-03-21,single-stage,,HORIZON  Research and Innovation Actions,https://ec.europa.eu/info/funding-tenders/opportunities/data/topicDetails/HORIZON-CL4-2024-SPACE-01-35.json
ERASMUS-SPORT-2024-CB,Erasmus+,forthcoming,2024-01-10,2024-03-05,single-stage,,ERASMUS Lump Sum Grants,https://ec.europa.eu/info/funding-tenders/opportunities/data/topicDetails/ERASMUS-SPORT-2024-CB.json
ERASMUS-EDU-2024-CBHE-STRAND-1,Erasmus+,open,2023-11-30,2024-02-08,single-stage,,ERASMUS Lump Sum Grants,https://ec.europa.eu/info/funding-tenders/opportunities/data/topicDetails/ERASMUS-EDU-2024-CBHE-STRAND-1.json
ERASMUS-EDU-2024-CBHE-STRAND-2,Erasmus+,open,2023-11-30,2024-02-08,single-stage,,ERASMUS Lump Sum Grants,https://ec.europa.eu/info/funding-tenders/opportunities/data/topicDetails/ERASMUS-EDU-2024-CBHE-STRAND-2.json
ERASMUS-YOUTH-2024-CB,Erasmus+,open,2023-12-05,2024-03-06,single-stage,,ERASMUS Lump Sum Grants,https://ec.europa.eu/info/funding-tenders/opportunities/data/topicDetails/ERASMUS-YOUTH-2024-CB.json
ERASMUS-EDU-2024-CBHE-STRAND-3,Erasmus+,open,2023-11-30,2024-02-08,single-stage,,ERASMUS Lump Sum Grants,https://ec.europa.eu/info/funding-tenders/opportunities/data/topicDetails/ERASMUS-EDU-2024-CBHE-STRAND-3.json
ERASMUS-SPORT-2024-SNCESE,Erasmus+,forthcoming,2024-01-10,2024-03-05,single-stage,,ERASMUS Lump Sum Grants,https://ec.europa.eu/info/funding-tenders/opportunities/data/topicDetails/ERASMUS-SPORT-2024-SNCESE.json
ERASMUS-EDU-2024-CB-VET,Erasmus+,open,2023-11-30,2024-02-29,single-stage,,ERASMUS Lump Sum Grants,https://ec.europa.eu/info/funding-tenders/opportunities/data/topicDetails/ERASMUS-EDU-2024-CB-VET.json
ERASMUS-SPORT-2024-SSCP,Erasmus+,forthcoming,2024-01-10,2024-03-05,single-stage,,ERASMUS Lump Sum Grants,https://ec.europa.eu/info/funding-tenders/opportunities/data/topicDetails/ERASMUS-SPORT-2024-SSCP.json
ERASMUS-SPORT-2024-SCP,Erasmus+,forthcoming,2024-01-10,2024-03-05,single-stage,,ERASMUS Lump Sum Grants,https://ec.europa.eu/info/funding-tenders/opportunities/data/topicDetails/ERASMUS-SPORT-2024-SCP.json
ERASMUS-JMO-2024-NETWORKS-HEI-NON-EU-LATIN-AMERICA,Erasmus+,open,2023-11-30,2024-02-01,single-stage,,ERASMUS Lump Sum Grants,https://ec.europa.eu/info/funding-tenders/opportunities/data/topicDetails/ERASMUS-JMO-2024-NETWORKS-HEI-NON-EU-LATIN-AMERICA.json
ERASMUS-EDU-2024-PI-ALL-INNO-EDU-ENTERP,Erasmus+,open,2023-12-05,2024-03-07,single-stage,,ERASMUS Lump Sum Grants,https://ec.europa.eu/info/funding-tenders/opportunities/data/topicDetails/ERASMUS-EDU-2024-PI-ALL-INNO-EDU-ENTERP.json
ERASMUS-EDU-2024-PI-ALL-INNO-BLUEPRINT,Erasmus+,open,2023-12-05,2024-03-07,single-stage,,ERASMUS Lump Sum Grants,https://ec.europa.eu/info/funding-tenders/opportunities/data/topicDetails/ERASMUS-EDU-2024-PI-ALL-INNO-BLUEPRINT.json
ERASMUS-JMO-2024-NETWORKS-HEI-EU,Erasmus+,open,2023-11-30,2024-02-01,single-stage,,ERASMUS Lump Sum Grants,https://ec.europa.eu/info/funding-tenders/opportunities/data/topicDetails/ERASMUS-JMO-2024-NETWORKS-HEI-EU.json
ERASMUS-EDU-2024-PEX-TEACH-ACA,Erasmus+,open,2023-12-05,2024-06-06,single-stage,,ERASMUS Lump Sum Grants,https://ec.europa.eu/info/funding-tenders/opportunities/data/topicDetails/ERASMUS-EDU-2024-PEX-TEACH-ACA.json
ERASMUS-JMO-2024-NETWORKS-SCHOOLS,Erasmus+,open,2023-11-30,2024-02-01,single-stage,,ERASMUS Lump Sum Grants,https://ec.europa.eu/info/funding-tenders/opportunities/data/topicDetails/ERASMUS-JMO-2024-NETWORKS-SCHOOLS.json
EuropeAid/179733/DD/ACT/CN,NDICI / EuropeAid,open,2023-12-01,2024-03-01,,,,https://webgate.ec.europa.eu/prospect/external/publishedcalls.htm?callId=179733
HORIZON-CL2-2024-DEMOCRACY-01-07,Horizon Europe,open,2023-10-04,2024-02-07,single-stage,,HORIZON  Research and Innovation Actions,https://ec.europa.eu/info/funding-tenders/opportunities/data/topicDetails/HORIZON-CL2-2024-DEMOCRACY-01-07.json
HORIZON-CL2-2024-DEMOCRACY-01-08,Horizon Europe,open,2023-10-04,2024-02-07,single-stage,,HORIZON  Research and Innovation Actions,https://ec.europa.eu/info/funding-tenders/opportunities/data/topicDetails/HORIZON-CL2-2024-DEMOCRACY-01-08.json
ERASMUS-JMO-2024-OFET-LEARNING-EU,Erasmus+,open,2023-11-30,2024-02-01,single-stage,,ERASMUS Lump Sum Grants,https://ec.europa.eu/info/funding-tenders/opportunities/data/topicDetails/ERASMUS-JMO-2024-OFET-LEARNING-EU.json
CREA-CROSS-2024-JOURPART-COLLABORATIONS,Creative Europe,open,2023-10-26,2024-02-14,single-stage,,CREA Project Grants,https://ec.europa.eu/info/funding-tenders/opportunities/data/topicDetails/CREA-CROSS-2024-JOURPART-COLLABORATIONS.json
ERASMUS-EDU-2024-PEX-EMJM-MOB,Erasmus+,open,2023-12-05,2024-02-15,single-stage,,ERASMUS EMJM Unit Grants,https://ec.europa.eu/info/funding-tenders/opportunities/data/topicDetails/ERASMUS-EDU-2024-PEX-EMJM-MOB.json
ERASMUS-EDU-2024-POL-EXP-DIGITAL,Erasmus+,open,2023-12-05,2024-06-04,single-stage,,ERASMUS Lump Sum Grants,https://ec.europa.eu/info/funding-tenders/opportunities/data/topicDetails/ERASMUS-EDU-2024-POL-EXP-DIGITAL.json
ERASMUS-EDU-2024-POL-EXP-ADULT,Erasmus+,open,2023-12-05,2024-06-04,single-stage,,ERASMUS Lump Sum Grants,https://ec.europa.eu/info/funding-tenders/opportunities/data/topicDetails/ERASMUS-EDU-2024-POL-EXP-ADULT.json
ERASMUS-EDU-2024-POL-EXP-SCHOOL,Erasmus+,open,2023-12-05,2024-06-04,single-stage,,ERASMUS Lump Sum Grants,https://ec.europa.eu/info/funding-tenders/opportunities/data/topicDetails/ERASMUS-EDU-2024-POL-EXP-SCHOOL.json
ERASMUS-EDU-2024-POL-EXP-VET,Erasmus+,open,2023-12-05,2024-06-04,single-stage,,ERASMUS Lump Sum Grants,https://ec.europa.eu/info/funding-tenders/opportunities/data/topicDetails/ERASMUS-EDU-2024-POL-EXP-VET.json
ERASMUS-EDU-2024-POL-EXP-MICRO-CRED,Erasmus+,open,2023-12-05,2024-06-04,single-stage,,ERASMUS Lump Sum Grants,https://ec.europa.eu/info/funding-tenders/opportunities/data/topicDetails/ERASMUS-EDU-2024-POL-EXP-MICRO-CRED.json
ERASMUS-EDU-2024-POL-EXP-HIGHER-EDU,Erasmus+,open,2023-12-05,2024-06-04,single-stage,,ERASMUS Lump Sum Grants,https://ec.europa.eu/info/funding-tenders/opportunities/data/topicDetails/ERASMUS-EDU-2024-POL-EXP-HIGHER-EDU.json
ERASMUS-EDU-2024-VIRT-EXCH,Erasmus+,open,2023-12-05,2024-04-25,single-stage,,ERASMUS Lump Sum Grants,https://ec.europa.eu/info/funding-tenders/opportunities/data/topicDetails/ERASMUS-EDU-2024-VIRT-EXCH.json
CREA-MEDIA-2024-CINNET,Creative Europe,forthcoming,2024-04-04,2024-07-16,single-stage,,CREA Project Grants,https://ec.europa.eu/info/funding-tenders/opportunities/data/topicDetails/CREA-MEDIA-2024-CINNET.json
ESF-2023-SUPPLY-DEMAND,ESF+,open,2023-12-05,2024-03-14,single-stage,,ESF Project Grants,https://ec.europa.eu/info/funding-tenders/opportunities/data/topicDetails/ESF-2023-SUPPLY-DEMAND.json
CREA-MEDIA-2024-DEVMINISLATE,Creative Europe,forthcoming,2024-04-04,2024-09-10,single-stage,,CREA Lump Sum Grants,https://ec.europa.eu/info/funding-tenders/opportunities/data/topicDetails/CREA-MEDIA-2024-DEVMINISLATE.json
ERASMUS-EDU-2024-EMJM-DESIGN,Erasmus+,open,2023-12-05,2024-02-15,single-stage,,ERASMUS Lump Sum Grants,https://ec.europa.eu/info/funding-tenders/opportunities/data/topicDetails/ERASMUS-EDU-2024-EMJM-DESIGN.json
ERASMUS-JMO-2024-OFET-TT,Erasmus+,open,2023-12-05,2024-02-01,single-stage,,ERASMUS Lump Sum Grants,https://ec.europa.eu/info/funding-tenders/opportunities/data/topicDetails/ERASMUS-JMO-2024-OFET-TT.json
CREA-MEDIA-2024-FILMSALES,Creative Europe,forthcoming,2024-04-30,2024-06-20,single-stage,,CREA Project Grants,https://ec.europa.eu/info/funding-tenders/opportunities/data/topicDetails/CREA-MEDIA-2024-FILMSALES.json
ERASMUS-JMO-2024-MODULE,Erasmus+,open,2023-12-05,2024-02-01,single-stage,,ERASMUS Lump Sum Grants,https://ec.europa.eu/info/funding-tenders/opportunities/data/topicDetails/ERASMUS-JMO-2024-MODULE.json
ERASMUS-JMO-2024-CHAIR,Erasmus+,open,2023-12-05,2024-02-01,single-stage,,ERASMUS Lump Sum Grants,https://ec.europa.eu/info/funding-tenders/opportunities/data/topicDetails/ERASMUS-JMO-2024-CHAIR.json
ERASMUS-JMO-2024-COE,Erasmus+,open,2023-12-05,2024-02-01,single-stage,,ERASMUS Lump Sum Grants,https://ec.europa.eu/info/funding-tenders/opportunities/data/topicDetails/ERASMUS-JMO-2024-COE.json
HORIZON-JU-SNS-2024-STREAM-C-01-01,Horizon Europe,forthcoming,2024-01-16,2024-04-18,single-stage,,HORIZON JU Research and Innovation Actions,https://ec.europa.eu/info/funding-tenders/opportunities/data/topicDetails/HORIZON-JU-SNS-2024-STREAM-C-01-01.json
HORIZON-JU-SNS-2024-STREAM-CSA-01,Horizon Europe,forthcoming,2024-01-16,2024-04-18,single-stage,,HORIZON JU Coordination and Support Actions,https://ec.europa.eu/info/funding-tenders/opportunities/data/topicDetails/HORIZON-JU-SNS-2024-STREAM-CSA-01.json
HORIZON-JU-SNS-2024-STREAM-B-01-03,Horizon Europe,forthcoming,2024-01-16,2024-04-18,single-stage,,HORIZON JU Research and Innovation Actions,https://ec.europa.eu/info/funding-tenders/opportunities/data/topicDetails/HORIZON-JU-SNS-2024-STREAM-B-01-03.json
HORIZON-JU-SNS-2024-STREAM-B-01-08,Horizon Europe,forthcoming,2024-01-16,2024-04-18,single-stage,,HORIZON JU Research and Innovation Actions,https://ec.europa.eu/info/funding-tenders/opportunities/data/topicDetails/HORIZON-JU-SNS-2024-STREAM-B-01-08.json
HORIZON-JU-SNS-2024-STREAM-B-01-06,Horizon Europe,forthcoming,2024-01-16,2024-04-18,single-stage,,HORIZON JU Research and Innovation Actions,https://ec.europa.eu/info/funding-tenders/opportunities/data/topicDetails/HORIZON-JU-SNS-2024-STREAM-B-01-06.json
HORIZON-JU-SNS-2024-STREAM-B-01-07,Horizon Europe,forthcoming,2024-01-16,2024-04-18,single-stage,,HORIZON JU Research and Innovation Actions,https://ec.europa.eu/info/funding-tenders/opportunities/data/topicDetails/HORIZON-JU-SNS-2024-STREAM-B-01-07.json
HORIZON-JU-SNS-2024-STREAM-B-01-01,Horizon Europe,forthcoming,2024-01-16,2024-04-18,single-stage,,HORIZON JU Research and Innovation Actions,https://ec.europa.eu/info/funding-tenders/opportunities/data/topicDetails/HORIZON-JU-SNS-2024-STREAM-B-01-01.json
HORIZON-JU-SNS-2024-STREAM-B-01-02,Horizon Europe,forthcoming,2024-01-16,2024-04-18,single-stage,,HORIZON JU Research and Innovation Actions,https://ec.europa.eu/info/funding-tenders/opportunities/data/topicDetails/HORIZON-JU-SNS-2024-STREAM-B-01-02.json
HORIZON-JU-SNS-2024-STREAM-B-01-04,Horizon Europe,forthcoming,2024-01-16,2024-04-18,single-stage,,HORIZON JU Research and Innovation Actions,https://ec.europa.eu/info/funding-tenders/opportunities/data/topicDetails/HORIZON-JU-SNS-2024-STREAM-B-01-04.json
HORIZON-JU-SNS-2024-STREAM-B-01-05,Horizon Europe,forthcoming,2024-01-16,2024-04-18,single-stage,,HORIZON JU Research and Innovation Actions,https://ec.europa.eu/info/funding-tenders/opportunities/data/topicDetails/HORIZON-JU-SNS-2024-STREAM-B-01-05.json
HORIZON-JU-SNS-2024-STREAM-D-01-01,Horizon Europe,forthcoming,2024-01-16,2024-04-18,single-stage,,HORIZON JU Innovation Actions,https://ec.europa.eu/info/funding-tenders/opportunities/data/topicDetails/HORIZON-JU-SNS-2024-STREAM-D-01-01.json
HORIZON-INFRA-2024-DEV-01-01,Horizon Europe,open,2023-12-06,2024-03-12,single-stage,,HORIZON  Research and Innovation Actions,https://ec.europa.eu/info/funding-tenders/opportunities/data/topicDetails/HORIZON-INFRA-2024-DEV-01-01.json
EU4H-2024-OG,EU4Health,open,2023-12-06,2024-01-31,single-stage,,EU4H Operating Grants,https://ec.europa.eu/info/funding-tenders/opportunities/data/topicDetails/EU4H-2024-OG.json
HORIZON-INFRA-2024-EOSC-01-04,Horizon Europe,open,2023-12-06,2024-03-12,single-stage,,HORIZON  Research and Innovation Actions,https://ec.europa.eu/info/funding-tenders/opportunities/data/topicDetails/HORIZON-INFRA-2024-EOSC-01-04.json
HORIZON-INFRA-2024-EOSC-01-05,Horizon Europe,open,2023-12-06,2024-03-12,single-stage,,HORIZON  Research and Innovation Actions,https://ec.europa.eu/info/funding-tenders/opportunities/data/topicDetails/HORIZON-INFRA-2024-EOSC-01-05.json
HORIZON-INFRA-2024-EOSC-01-03,Horizon Europe,open,2023-12-06,2024-03-12,single-stage,,HORIZON Coordination and Support Actions,https://ec.europa.eu/info/funding-tenders/opportunities/data/topicDetails/HORIZON-INFRA-2024-EOSC-01-03.json
HORIZON-INFRA-2024-EOSC-01-02,Horizon Europe,open,2023-12-06,2024-03-12,single-stage,,HORIZON Coordination and Support Actions,https://ec.europa.eu/info/funding-tenders/opportunities/data/topicDetails/HORIZON-INFRA-2024-EOSC-01-02.json
HORIZON-INFRA-2024-EOSC-01-01,Horizon Europe,open,2023-12-06,2024-03-12,single-stage,,HORIZON  Research and Innovation Actions,https://ec.europa.eu/info/funding-tenders/opportunities/data/topicDetails/HORIZON-INFRA-2024-EOSC-01-01.json
HORIZON-INFRA-2024-DEV-01-02,Horizon Europe,open,2023-12-06,2024-03-12,single-stage,,HORIZON Coordination and Support Actions,https://ec.europa.eu/info/funding-tenders/opportunities/data/topicDetails/HORIZON-INFRA-2024-DEV-01-02.json
HORIZON-INFRA-2024-DEV-01-03,Horizon Europe,open,2023-12-06,2024-03-12,single-stage,,HORIZON  Research and Innovation Actions,https://ec.europa.eu/info/funding-tenders/opportunities/data/topicDetails/HORIZON-INFRA-2024-DEV-01-03.json
HORIZON-WIDERA-2024-ERA-01-10,Horizon Europe,open,2023-12-06,2024-03-12,single-stage,,HORIZON Coordination and Support Actions,https://ec.europa.eu/info/funding-tenders/opportunities/data/topicDetails/HORIZON-WIDERA-2024-ERA-01-10.json
HORIZON-WIDERA-2024-ERA-01-11,Horizon Europe,open,2023-12-06,2024-03-12,single-stage,,HORIZON Coordination and Support Actions,https://ec.europa.eu/info/funding-tenders/opportunities/data/topicDetails/HORIZON-WIDERA-2024-ERA-01-11.json
HORIZON-WIDERA-2024-ERA-01-12,Horizon Europe,open,2023-12-06,2024-03-12,single-stage,,HORIZON Coordination and Support Actions,https://ec.europa.eu/info/funding-tenders/opportunities/data/topicDetails/HORIZON-WIDERA-2024-ERA-01-12.json
HORIZON-WIDERA-2024-ERA-01-08,Horizon Europe,open,2023-12-06,2024-03-12,single-stage,,HORIZON Coordination and Support Actions,https://ec.europa.eu/info/funding-tenders/opportunities/data/topicDetails/HORIZON-WIDERA-2024-ERA-01-08.json
HORIZON-WIDERA-2024-ERA-01-01,Horizon Europe,open,2023-12-06,2024-03-12,single-stage,,HORIZON Coordination and Support Actions,https://ec.europa.eu/info/funding-tenders/opportunities/data/topicDetails/HORIZON-WIDERA-2024-ERA-01-01.json
HORIZON-WIDERA-2024-ERA-01-03,Horizon Europe,open,2023-12-06,2024-03-12,single-stage,,HORIZON Coordination and Support Actions,https://ec.europa.eu/info/funding-tenders/opportunities/data/topicDetails/HORIZON-WIDERA-2024-ERA-01-03.json
HORIZON-WIDERA-2024-ERA-01-09,Horizon Europe,open,2023-12-06,2024-03-12,single-stage,,HORIZON Coordination and Support Actions,https://ec.europa.eu/info/funding-tenders/opportunities/data/topicDetails/HORIZON-WIDERA-2024-ERA-01-09.json
HORIZON-WIDERA-2024-ERA-01-04,Horizon Europe,open,2023-12-06,2024-03-12,single-stage,,HORIZON Coordination and Support Actions,https://ec.europa.eu/info/funding-tenders/opportunities/data/topicDetails/HORIZON-WIDERA-2024-ERA-01-04.json
HORIZON-WIDERA-2024-ERA-01-07,Horizon Europe,open,2023-12-06,2024-03-12,single-stage,,HORIZON Coordination and Support Actions,https://ec.europa.eu/info/funding-tenders/opportunities/data/topicDetails/HORIZON-WIDERA-2024-ERA-01-07.json
HORIZON-WIDERA-2024-ERA-01-05,Horizon Europe,open,2023-12-06,2024-03-12,single-stage,,HORIZON Coordination and Support Actions,https://ec.europa.eu/info/funding-tenders/opportunities/data/topicDetails/HORIZON-WIDERA-2024-ERA-01-05.json
HORIZON-INFRA-2024-TECH-01-04,Horizon Europe,open,2023-12-06,2024-03-12,single-stage,,HORIZON  Research and Innovation Actions,https://ec.europa.eu/info/funding-tenders/opportunities/data/topicDetails/HORIZON-INFRA-2024-TECH-01-04.json
HORIZON-INFRA-2024-TECH-01-01,Horizon Europe,open,2023-12-06,2024-03-12,single-stage,,HORIZON  Research and Innovation Actions,https://ec.europa.eu/info/funding-tenders/opportunities/data/topicDetails/HORIZON-INFRA-2024-TECH-01-01.json
HORIZON-INFRA-2024-TECH-01-02,Horizon Europe,open,2023-12-06,2024-03-12,single-stage,,HORIZON  Research and Innovation Actions,https://ec.europa.eu/info/funding-tenders/opportunities/data/topicDetails/HORIZON-INFRA-2024-TECH-01-02.json
HORIZON-CL4-2024-TWIN-TRANSITION-01-03,Horizon Europe,open,2023-09-19,2024-02-07,single-stage,,HORIZON  Research and Innovation Actions,https://ec.europa.eu/info/funding-tenders/opportunities/data/topicDetails/HORIZON-CL4-2024-TWIN-TRANSITION-01-03.json
HORIZON-CL4-2024-RESILIENCE-01-41,Horizon Europe,open,2023-09-19,2024-02-07,single-stage,,HORIZON Coordination and Support Actions,https://ec.europa.eu/info/funding-tenders/opportunities/data/topicDetails/HORIZON-CL4-2024-RESILIENCE-01-41.json
EUBA-EFSA-2023-BIOHAW-06-Lot-5,EUBA,open,2023-11-15,2024-02-21,single-stage,,EUBA Type of Action,https://ec.europa.eu/info/funding-tenders/opportunities/data/topicDetails/EUBA-EFSA-2023-BIOHAW-06-Lot-5.json
EUBA-EFSA-2023-BIOHAW-06-Lot-8,EUBA,open,2023-11-15,2024-02-21,single-stage,,EUBA Type of Action,https://ec.europa.eu/info/funding-tenders/opportunities/data/topicDetails/EUBA-EFSA-2023-BIOHAW-06-Lot-8.json
EUBA-EFSA-2023-BIOHAW-06-Lot-3,EUBA,open,2023-11-15,2024-02-21,single-stage,,EUBA Type of Action,https://ec.europa.eu/info/funding-tenders/opportunities/data/topicDetails/EUBA-EFSA-2023-BIOHAW-06-Lot-3.json
EUBA-EFSA-2023-BIOHAW-06-Lot-9,EUBA,open,2023-11-15,2024-02-21,single-stage,,EUBA Type of Action,https://ec.europa.eu/info/funding-tenders/opportunities/data/topicDetails/EUBA-EFSA-2023-BIOHAW-06-Lot-9.json
EUBA-EFSA-2023-BIOHAW-06-Lot-4,EUBA,open,2023-11-15,2024-02-21,single-stage,,EUBA Type of Action,https://ec.europa.eu/info/funding-tenders/opportunities/data/topicDetails/EUBA-EFSA-2023-BIOHAW-06-Lot-4.json
EUBA-EFSA-2023-BIOHAW-06-Lot-1,EUBA,open,2023-11-15,2024-02-21,single-stage,,EUBA Type of Action,https://ec.europa.eu/info/funding-tenders/opportunities/data/topicDetails/EUBA-EFSA-2023-BIOHAW-06-Lot-1.json
EUBA-EFSA-2023-BIOHAW-06-Lot-2,EUBA,open,2023-11-15,2024-02-21,single-stage,,EUBA Type of Action,https://ec.europa.eu/info/funding-tenders/opportunities/data/topicDetails/EUBA-EFSA-2023-BIOHAW-06-Lot-2.json
EUBA-EFSA-2023-BIOHAW-06-Lot-6,EUBA,open,2023-11-15,2024-02-21,single-stage,,EUBA Type of Action,https://ec.europa.eu/info/funding-tenders/opportunities/data/topicDetails/EUBA-EFSA-2023-BIOHAW-06-Lot-6.json
EUBA-EFSA-2023-BIOHAW-06-Lot-7,EUBA,open,2023-11-15,2024-02-21,single-stage,,EUBA Type of Action,https://ec.europa.eu/info/funding-tenders/opportunities/data/topicDetails/EUBA-EFSA-2023-BIOHAW-06-Lot-7.json
ERASMUS-EDU-2024-PCOOP-ENGO,Erasmus+,open,2023-12-05,2024-03-05,single-stage,,ERASMUS Lump Sum Grants,https://ec.europa.eu/info/funding-tenders/opportunities/data/topicDetails/ERASMUS-EDU-2024-PCOOP-ENGO.json
ERASMUS-YOUTH-2024-PCOOP-ENGO,Erasmus+,open,2023-12-05,2024-03-05,single-stage,,ERASMUS Lump Sum Grants,https://ec.europa.eu/info/funding-tenders/opportunities/data/topicDetails/ERASMUS-YOUTH-2024-PCOOP-ENGO.json
HORIZON-CL5-2024-D5-01-01,Horizon Europe,open,2023-12-07,2024-04-18,single-stage,,HORIZON Innovation Actions,https://ec.europa.eu/info/funding-tenders/opportunities/data/topicDetails/HORIZON-CL5-2024-D5-01-01.json
HORIZON-CL5-2024-D5-01-03,Horizon Europe,open,2023-12-07,2024-04-18,single-stage,,HORIZON  Research and Innovation Actions,https://ec.europa.eu/info/funding-tenders/opportunities/data/topicDetails/HORIZON-CL5-2024-D5-01-03.json
HORIZON-CL5-2024-D5-01-10,Horizon Europe,open,2023-12-07,2024-04-18,single-stage,,HORIZON  Research and Innovation Actions,https://ec.europa.eu/info/funding-tenders/opportunities/data/topicDetails/HORIZON-CL5-2024-D5-01-10.json
HORIZON-CL5-2024-D5-01-12,Horizon Europe,open,2023-12-07,2024-04-18,single-stage,,HORIZON Innovation Actions,https://ec.europa.eu/info/funding-tenders/opportunities/data/topicDetails/HORIZON-CL5-2024-D5-01-12.json
HORIZON-CL5-2024-D5-01-07,Horizon Europe,open,2023-12-07,2024-04-18,single-stage,,HORIZON  Research and Innovation Actions,https://ec.europa.eu/info/funding-tenders/opportunities/data/topicDetails/HORIZON-CL5-2024-D5-01-07.json
HORIZON-CL5-2024-D5-01-09,Horizon Europe,open,2023-12-07,2024-04-18,single-stage,,HORIZON  Research and Innovation Actions,https://ec.europa.eu/info/funding-tenders/opportunities/data/topicDetails/HORIZON-CL5-2024-D5-01-09.json
HORIZON-CL5-2024-D5-01-05,Horizon Europe,open,2023-12-07,2024-04-18,single-stage,,HORIZON  Research and Innovation Actions,https://ec.europa.eu/info/funding-tenders/opportunities/data/topicDetails/HORIZON-CL5-2024-D5-01-05.json
HORIZON-CL5-2024-D5-01-08,Horizon Europe,open,2023-12-07,2024-04-18,single-stage,,HORIZON  Research and Innovation Actions,https://ec.europa.eu/info/funding-tenders/opportunities/data/topicDetails/HORIZON-CL5-2024-D5-01-08.json
HORIZON-CL5-2024-D5-01-17,Horizon Europe,open,2023-12-07,2024-04-18,single-stage,,HORIZON Coordination and Support Actions,https://ec.europa.eu/info/funding-tenders/opportunities/data/topicDetails/HORIZON-CL5-2024-D5-01-17.json
HORIZON-CL5-2024-D5-01-18,Horizon Europe,open,2023-12-07,2024-04-18,single-stage,,HORIZON  Research and Innovation Actions,https://ec.europa.eu/info/funding-tenders/opportunities/data/topicDetails/HORIZON-CL5-2024-D5-01-18.json
ESC-SOLID-2024-VTHPA,European Solidarity Corps,open,2023-12-07,2024-02-08,single-stage,,ESC Solidarity Volunteering Unit Grants,https://ec.europa.eu/info/funding-tenders/opportunities/data/topicDetails/ESC-SOLID-2024-VTHPA.json
CREA-MEDIA-2024-FILMDIST,Creative Europe,open,2023-12-07,2024-04-25,single-stage,,CREA Project Grants,https://ec.europa.eu/info/funding-tenders/opportunities/data/topicDetails/CREA-MEDIA-2024-FILMDIST.json
HORIZON-CL5-2024-D5-01-13,Horizon Europe,open,2023-12-07,2024-04-18,single-stage,,HORIZON Innovation Actions,https://ec.europa.eu/info/funding-tenders/opportunities/data/topicDetails/HORIZON-CL5-2024-D5-01-13.json
HORIZON-CL5-2024-D5-01-14,Horizon Europe,open,2023-12-07,2024-04-18,single-stage,,HORIZON Innovation Actions,https://ec.europa.eu/info/funding-tenders/opportunities/data/topicDetails/HORIZON-CL5-2024-D5-01-14.json
HORIZON-CL5-2024-D5-01-16,Horizon Europe,open,2023-12-07,2024-04-18,single-stage,,HORIZON Coordination and Support Actions,https://ec.europa.eu/info/funding-tenders/opportunities/data/topicDetails/HORIZON-CL5-2024-D5-01-16.json
HORIZON-CL5-2024-D5-01-15,Horizon Europe,open,2023-12-07,2024-04-18,single-stage,,HORIZON Innovation Actions,https://ec.europa.eu/info/funding-tenders/opportunities/data/topicDetails/HORIZON-CL5-2024-D5-01-15.json
HORIZON-CL5-2024-D5-01-11,Horizon Europe,open,2023-12-07,2024-04-18,single-stage,,HORIZON  Research and Innovation Actions,https://ec.europa.eu/info/funding-tenders/opportunities/data/topicDetails/HORIZON-CL5-2024-D5-01-11.json
HORIZON-CL5-2024-D4-01-01,Horizon Europe,open,2023-12-07,2024-04-18,single-stage,,HORIZON Innovation Actions,https://ec.europa.eu/info/funding-tenders/opportunities/data/topicDetails/HORIZON-CL5-2024-D4-01-01.json
HORIZON-CL5-2024-D5-01-04,Horizon Europe,open,2023-12-07,2024-04-18,single-stage,,HORIZON Innovation Actions,https://ec.europa.eu/info/funding-tenders/opportunities/data/topicDetails/HORIZON-CL5-2024-D5-01-04.json
HORIZON-CL5-2024-D5-01-02,Horizon Europe,open,2023-12-07,2024-04-18,single-stage,,HORIZON  Research and Innovation Actions,https://ec.europa.eu/info/funding-tenders/opportunities/data/topicDetails/HORIZON-CL5-2024-D5-01-02.json
HORIZON-CL5-2024-D5-01-06,Horizon Europe,open,2023-12-07,2024-04-18,single-stage,,HORIZON Innovation Actions,https://ec.europa.eu/info/funding-tenders/opportunities/data/topicDetails/HORIZON-CL5-2024-D5-01-06.json
HORIZON-CL5-2024-D2-01-02,Horizon Europe,open,2023-12-07,2024-04-18,single-stage,,HORIZON Innovation Actions,https://ec.europa.eu/info/funding-tenders/opportunities/data/topicDetails/HORIZON-CL5-2024-D2-01-02.json
HORIZON-CL5-2024-D2-01-01,Horizon Europe,open,2023-12-07,2024-04-18,single-stage,,HORIZON  Research and Innovation Actions,https://ec.europa.eu/info/funding-tenders/opportunities/data/topicDetails/HORIZON-CL5-2024-D2-01-01.json
HORIZON-CL5-2024-D2-01-05,Horizon Europe,open,2023-12-07,2024-04-18,single-stage,,HORIZON  Research and Innovation Actions,https://ec.europa.eu/info/funding-tenders/opportunities/data/topicDetails/HORIZON-CL5-2024-D2-01-05.json
CREA-MEDIA-2024-CODEV,Creative Europe,open,2023-12-07,2024-03-06,single-stage,,CREA Lump Sum Grants,https://ec.europa.eu/info/funding-tenders/opportunities/data/topicDetails/CREA-MEDIA-2024-CODEV.json
ERASMUS-EDU-2024-PEX-COVE,Erasmus+,open,2023-12-05,2024-05-07,single-stage,,ERASMUS Lump Sum Grants,https://ec.europa.eu/info/funding-tenders/opportunities/data/topicDetails/ERASMUS-EDU-2024-PEX-COVE.json
ESC-HUMAID-2024-VOLUN,European Solidarity Corps,open,2023-12-07,2024-04-16,single-stage,,ESC Humanitarian Aid Voluntering Unit Grants,https://ec.europa.eu/info/funding-tenders/opportunities/data/topicDetails/ESC-HUMAID-2024-VOLUN.json
EuropeAid/179238/DD/ACT/YE,NDICI / EuropeAid,open,2023-11-14,2024-02-15,,,,https://webgate.ec.europa.eu/prospect/external/publishedcalls.htm?callId=179238
EuropeAid/178003/DD/ACT/BA,NDICI / EuropeAid,open,2023-10-03,2024-01-08,,,,https://webgate.ec.europa.eu/prospect/external/publishedcalls.htm?callId=178003
HORIZON-WIDERA-2023-GENDER-Prize-03,Horizon Europe,open,2023-12-12,2024-01-25,single-stage,,HORIZON Recognition Prize,https://ec.europa.eu/info/funding-tenders/opportunities/data/topicDetails/HORIZON-WIDERA-2023-GENDER-Prize-03.json
HORIZON-WIDERA-2023-GENDER-Prize-02,Horizon Europe,open,2023-12-12,2024-01-25,single-stage,,HORIZON Recognition Prize,https://ec.europa.eu/info/funding-tenders/opportunities/data/topicDetails/HORIZON-WIDERA-2023-GENDER-Prize-02.json
HORIZON-WIDERA-2023-GENDER-Prize-01,Horizon Europe,open,2023-12-12,2024-01-25,single-stage,,HORIZON Recognition Prize,https://ec.europa.eu/info/funding-tenders/opportunities/data/topicDetails/HORIZON-WIDERA-2023-GENDER-Prize-01.json
ISF-2023-TF2-AG-OC-Organised-Crime,ISF,open,2023-12-12,2024-03-12,single-stage,,ISF Project Grants,https://ec.europa.eu/info/funding-tenders/opportunities/data/topicDetails/ISF-2023-TF2-AG-OC-Organised-Crime.json
SMP-COSME-2023-TOURSME-01,Single Market Programme,open,2023-12-12,2024-02-21,single-stage,,SMP Grants for Financial Support,https://ec.europa.eu/info/funding-tenders/opportunities/data/topicDetails/SMP-COSME-2023-TOURSME-01.json
CERV-2024-CITIZENS-TOWN-NT,CERV,open,2023-12-14,2024-04-18,single-stage,,CERV Lump Sum Grants,https://ec.europa.eu/info/funding-tenders/opportunities/data/topicDetails/CERV-2024-CITIZENS-TOWN-NT.json
EuropeAid/177407/DH/ACT/Multi,NDICI / EuropeAid,open,2023-10-27,2024-01-31,,,,https://webgate.ec.europa.eu/prospect/external/publishedcalls.htm?callId=177407
HORIZON-EIC-2024-PATHFINDEROPEN-01-01,Horizon Europe,forthcoming,2024-01-03,2024-03-07,single-stage,,HORIZON EIC Grants,https://ec.europa.eu/info/funding-tenders/opportunities/data/topicDetails/HORIZON-EIC-2024-PATHFINDEROPEN-01-01.json
DIGITAL-ECCC-2024-DEPLOY-CYBER-06-ENABLINGTECH,Digital Europe,forthcoming,2024-01-16,2024-03-26,single-stage,,DIGITAL JU Simple Grants,https://ec.europa.eu/info/funding-tenders/opportunities/data/topicDetails/DIGITAL-ECCC-2024-DEPLOY-CYBER-06-ENABLINGTECH.json
DIGITAL-ECCC-2024-DEPLOY-CYBER-06-PQCINDUSTRY,Digital Europe,forthcoming,2024-01-16,2024-03-26,single-stage,,DIGITAL JU Simple Grants,https://ec.europa.eu/info/funding-tenders/opportunities/data/topicDetails/DIGITAL-ECCC-2024-DEPLOY-CYBER-06-PQCINDUSTRY.json
DIGITAL-ECCC-2024-DEPLOY-CYBER-06-COMPLIANCECRA,Digital Europe,forthcoming,2024-01-16,2024-03-26,single-stage,,DIGITAL JU SME Support Actions,https://ec.europa.eu/info/funding-tenders/opportunities/data/topicDetails/DIGITAL-ECCC-2024-DEPLOY-CYBER-06-COMPLIANCECRA.json
DIGITAL-ECCC-2024-DEPLOY-CYBER-06-STANDARDPQC,Digital Europe,forthcoming,2024-01-16,2024-03-26,single-stage,,DIGITAL JU Coordination and Support Actions,https://ec.europa.eu/info/funding-tenders/opportunities/data/topicDetails/DIGITAL-ECCC-2024-DEPLOY-CYBER-06-STANDARDPQC.json
CREA-CULT-2024-PECE,Creative Europe,open,2023-10-26,2024-01-31,single-stage,,CREA Lump Sum Grants,https://ec.europa.eu/info/funding-tenders/opportunities/data/topicDetails/CREA-CULT-2024-PECE.json
DIGITAL-ECCC-2024-DEPLOY-CYBER-06-STRENGTHENCRA,Digital Europe,forthcoming,2024-01-16,2024-03-26,single-stage,,DIGITAL JU Grants for Financial Support,https://ec.europa.eu/info/funding-tenders/opportunities/data/topicDetails/DIGITAL-ECCC-2024-DEPLOY-CYBER-06-STRENGTHENCRA.json
DIGITAL-ECCC-2024-DEPLOY-CYBER-06-TRANSITIONEUPQC,Digital Europe,forthcoming,2024-01-16,2024-03-26,single-stage,,DIGITAL JU Coordination and Support Actions,https://ec.europa.eu/info/funding-tenders/opportunities/data/topicDetails/DIGITAL-ECCC-2024-DEPLOY-CYBER-06-TRANSITIONEUPQC.json
EuropeAid/179740/DD/ACT/LA,NDICI / EuropeAid,open,2023-12-13,2024-02-08,,,,https://webgate.ec.europa.eu/prospect/external/publishedcalls.htm?callId=179740
EuropeAid/178581/DD/ACT/MA,NDICI / EuropeAid,open,2023-08-04,2024-01-24,,,,https://webgate.ec.europa.eu/prospect/external/publishedcalls.htm?callId=178581
EuropeAid/179419/DD/ACT/XK,NDICI / EuropeAid,open,2023-12-01,2024-02-06,,,,https://webgate.ec.europa.eu/prospect/external/publishedcalls.htm?callId=179419
EuropeAid/179703/DH/ACT/Multi,NDICI / EuropeAid,open,2023-11-09,2023-12-29,,,,https://webgate.ec.europa.eu/prospect/external/publishedcalls.htm?callId=179703
CEF-E-2023-CBRENEW-WORKS,Connecting Europe Facility,open,2023-12-19,2024-02-06,single-stage,,CEF Infrastructure Projects,https://ec.europa.eu/info/funding-tenders/opportunities/data/topicDetails/CEF-E-2023-CBRENEW-WORKS.json
CEF-E-2023-CBRENEW-STUDIES,Connecting Europe Facility,open,2023-12-19,2024-02-06,single-stage,,CEF Project Grants,https://ec.europa.eu/info/funding-tenders/opportunities/data/topicDetails/CEF-E-2023-CBRENEW-STUDIES.json
JUST-2024-JTRA,Justice,open,2023-12-19,2024-03-21,single-stage,,JUST Lump Sum Grants,https://ec.europa.eu/info/funding-tenders/opportunities/data/topicDetails/JUST-2024-JTRA.json
CERV-2024-DATA,CERV,open,2023-12-19,2024-04-24,single-stage,,CERV Lump Sum Grants,https://ec.europa.eu/info/funding-tenders/opportunities/data/topicDetails/CERV-2024-DATA.json
JUST-2024-JCOO,Justice,open,2023-12-19,2024-04-18,single-stage,,JUST Lump Sum Grants,https://ec.europa.eu/info/funding-tenders/opportunities/data/topicDetails/JUST-2024-JCOO.json
CERV-2024-NRCP,CERV,open,2023-12-19,2024-03-07,single-stage,,CERV Lump Sum Grants,https://ec.europa.eu/info/funding-tenders/opportunities/data/topicDetails/CERV-2024-NRCP.json
DIGITAL-2023-EDIH-04-ASSOCIATED,Digital Europe,open,2023-12-20,2024-04-10,single-stage,,DIGITAL Simple Grants,https://ec.europa.eu/info/funding-tenders/opportunities/data/topicDetails/DIGITAL-2023-EDIH-04-ASSOCIATED.json
DIGITAL-JU-Chips-2023-SG-CPL-1,Digital Europe,forthcoming,2024-02-01,2024-02-29,single-stage,,DIGITAL Simple Grants,https://ec.europa.eu/info/funding-tenders/opportunities/data/topicDetails/DIGITAL-JU-Chips-2023-SG-CPL-1.json
DIGITAL-JU-Chips-2023-SG-CPL-3,Digital Europe,forthcoming,2024-02-01,2024-02-29,single-stage,,DIGITAL Simple Grants,https://ec.europa.eu/info/funding-tenders/opportunities/data/topicDetails/DIGITAL-JU-Chips-2023-SG-CPL-3.json
HORIZON-Chips-2023-RIA-CPL2,Horizon Europe,forthcoming,2024-02-01,2024-02-29,single-stage,,HORIZON  Research and Innovation Actions,https://ec.europa.eu/info/funding-tenders/opportunities/data/topicDetails/HORIZON-Chips-2023-RIA-CPL2.json
HORIZON-Chips-2023-RIA-CPL-4,Horizon Europe,forthcoming,2024-02-01,2024-02-29,single-stage,,HORIZON  Research and Innovation Actions,https://ec.europa.eu/info/funding-tenders/opportunities/data/topicDetails/HORIZON-Chips-2023-RIA-CPL-4.json
HORIZON-EIC-2024-ACCELERATOR-01,Horizon Europe,forthcoming,2024-01-03,2024-12-24,single-stage,,HORIZON EIC Accelerator,https://ec.europa.eu/info/funding-tenders/opportunities/data/topicDetails/HORIZON-EIC-2024-ACCELERATOR-01.json
HORIZON-Chips-2023-RIA-CPL-1,Horizon Europe,forthcoming,2024-02-01,2024-02-29,single-stage,,HORIZON  Research and Innovation Actions,https://ec.europa.eu/info/funding-tenders/opportunities/data/topicDetails/HORIZON-Chips-2023-RIA-CPL-1.json
DIGITAL-JU-Chips-2023-SG-CPL-2,Digital Europe,forthcoming,2024-02-01,2024-02-29,single-stage,,DIGITAL Simple Grants,https://ec.europa.eu/info/funding-tenders/opportunities/data/topicDetails/DIGITAL-JU-Chips-2023-SG-CPL-2.json
HORIZON-Chips-2023-RIA-CPL-3,Horizon Europe,forthcoming,2024-02-01,2024-02-29,single-stage,,HORIZON  Research and Innovation Actions,https://ec.europa.eu/info/funding-tenders/opportunities/data/topicDetails/HORIZON-Chips-2023-RIA-CPL-3.json
DIGITAL-JU-Chips-2023-SG-CPL-4,Digital Europe,forthcoming,2024-02-01,2024-02-29,single-stage,,DIGITAL Simple Grants,https://ec.europa.eu/info/funding-tenders/opportunities/data/topicDetails/DIGITAL-JU-Chips-2023-SG-CPL-4.json
HORIZON-CL4-2024-TWIN-TRANSITION-01-34,Horizon Europe,open,2023-09-19,2024-02-07,single-stage,,HORIZON  Research and Innovation Actions,https://ec.europa.eu/info/funding-tenders/opportunities/data/topicDetails/HORIZON-CL4-2024-TWIN-TRANSITION-01-34.json
EuropeAid/179009/DD/ACT/CG,NDICI / EuropeAid,open,2023-09-28,2024-01-30,,,,https://webgate.ec.europa.eu/prospect/external/publishedcalls.htm?callId=179009
ISF-2024-TF2-AG-PROTECT-jewish-places-worship,ISF,forthcoming,2024-02-08,2024-04-04,single-stage,,ISF Project Grants,https://ec.europa.eu/info/funding-tenders/opportunities/data/topicDetails/ISF-2024-TF2-AG-PROTECT-jewish-places-worship.json
ISF-2024-TF2-AG-PROTECT-protection-public-spaces,ISF,forthcoming,2024-02-08,2024-04-04,single-stage,,ISF Project Grants,https://ec.europa.eu/info/funding-tenders/opportunities/data/topicDetails/ISF-2024-TF2-AG-PROTECT-protection-public-spaces.json
ERASMUS-YOUTH-2024-YOUTH-TOG,Erasmus+,open,2023-12-05,2024-03-07,single-stage,,ERASMUS Lump Sum Grants,https://ec.europa.eu/info/funding-tenders/opportunities/data/topicDetails/ERASMUS-YOUTH-2024-YOUTH-TOG.json
EuropeAid/180206/DD/ACT/MD,NDICI / EuropeAid,open,2023-12-21,2024-03-04,,,,https://ec.europa.eu/info/funding-tenders/opportunities/data/topicDetails/180206EN
CERV-2024-DAPHNE,CERV,open,2023-12-21,2024-04-24,single-stage,,CERV Lump Sum Grants,https://ec.europa.eu/info/funding-tenders/opportunities/data/topicDetails/CERV-2024-DAPHNE.json
CERV-2024-GE,CERV,open,2023-12-21,2024-02-29,single-stage,,CERV Lump Sum Grants,https://ec.europa.eu/info/funding-tenders/opportunities/data/topicDetails/CERV-2024-GE.json
ERASMUS-JMO-2024-NETWORKS-HEI-NON-EU-AFRICA,Erasmus+,open,2023-11-30,2024-02-01,single-stage,,ERASMUS Lump Sum Grants,https://ec.europa.eu/info/funding-tenders/opportunities/data/topicDetails/ERASMUS-JMO-2024-NETWORKS-HEI-NON-EU-AFRICA.json
HORIZON-CL2-2027-01-DEMOCRACY-01,Horizon Europe,forthcoming,2027-05-13,2027-09-23,single-stage,277000000,HORIZON Coordination and Support Actions,https://ec.europa.eu/info/funding-tenders/opportunities/portal/screen/opportunities/topic-details/HORIZON-CL2-2027-01-DEMOCRACY-01
HORIZON-CL2-2027-01-HERITAGE-02,Horizon Europe,forthcoming,2027-05-13,2027-09-23,single-stage,277000000,HORIZON Coordination and Support Actions,https://ec.europa.eu/info/funding-tenders/opportunities/portal/screen/opportunities/topic-details/HORIZON-CL2-2027-01-HERITAGE-02
HORIZON-CL4-2027-SPACE-03-84,Horizon Europe,forthcoming,2027-03-09,2027-09-02,single-stage,66160000,HORIZON  Research and Innovation Actions,https://ec.europa.eu/info/funding-tenders/opportunities/portal/screen/opportunities/topic-details/HORIZON-CL4-2027-SPACE-03-84
HORIZON-CL2-2027-01-DEMOCRACY-06,Horizon Europe,forthcoming,2027-05-13,2027-09-23,single-stage,277000000,HORIZON  Research and Innovation Actions,https://ec.europa.eu/info/funding-tenders/opportunities/portal/screen/opportunities/topic-details/HORIZON-CL2-2027-01-DEMOCRACY-06
HORIZON-CL2-2027-01-TRANSFO-01,Horizon Europe,forthcoming,2027-05-13,2027-09-23,single-stage,277000000,HORIZON  Research and Innovation Actions,https://ec.europa.eu/info/funding-tenders/opportunities/portal/screen/opportunities/topic-details/HORIZON-CL2-2027-01-TRANSFO-01
HORIZON-CL2-2027-01-HERITAGE-07,Horizon Europe,forthcoming,2027-05-13,2027-09-23,single-stage,277000000,HORIZON  Research and Innovation Actions,https://ec.europa.eu/info/funding-tenders/opportunities/portal/screen/opportunities/topic-details/HORIZON-CL2-2027-01-HERITAGE-07
HORIZON-CL2-2027-01-HERITAGE-01,Horizon Europe,forthcoming,2027-05-13,2027-09-23,single-stage,277000000,HORIZON Coordination and Support Actions,https://ec.europa.eu/info/funding-tenders/opportunities/portal/screen/opportunities/topic-details/HORIZON-CL2-2027-01-HERITAGE-01
HORIZON-CL2-2027-01-TRANSFO-06,Horizon Europe,forthcoming,2027-05-13,2027-09-23,single-stage,277000000,HORIZON  Research and Innovation Actions,https://ec.europa.eu/info/funding-tenders/opportunities/portal/screen/opportunities/topic-details/HORIZON-CL2-2027-01-TRANSFO-06
HORIZON-CL2-2027-01-HERITAGE-03,Horizon Europe,forthcoming,2027-05-13,2027-09-23,single-stage,277000000,HORIZON  Research and Innovation Actions,https://ec.europa.eu/info/funding-tenders/opportunities/portal/screen/opportunities/topic-details/HORIZON-CL2-2027-01-HERITAGE-03
HORIZON-CL3-2027-02-CS-ECCC-04,Horizon Europe,forthcoming,2027-03-02,2027-09-15,single-stage,71800000,HORIZON  Research and Innovation Actions,https://ec.europa.eu/info/funding-tenders/opportunities/portal/screen/opportunities/topic-details/HORIZON-CL3-2027-02-CS-ECCC-04
HORIZON-CL3-2027-02-CS-ECCC-03,Horizon Europe,forthcoming,2027-03-02,2027-09-15,single-stage,71800000,HORIZON  Research and Innovation Actions,https://ec.europa.eu/info/funding-tenders/opportunities/portal/screen/opportunities/topic-details/HORIZON-CL3-2027-02-CS-ECCC-03
HORIZON-CL3-2027-02-CS-ECCC-02,Horizon Europe,forthcoming,2027-03-02,2027-09-15,single-stage,71800000,HORIZON Innovation Actions,https://ec.europa.eu/info/funding-tenders/opportunities/portal/screen/opportunities/topic-details/HORIZON-CL3-2027-02-CS-ECCC-02
EDF-EDIP-P-2027-LS-IRA-KEC,European Defence Fund,open,2026-06-17,2027-02-16,single-stage,564300000,EDF Lump Sum Grants,https://ec.europa.eu/info/funding-tenders/opportunities/portal/screen/opportunities/topic-details/EDF-EDIP-P-2027-LS-IRA-KEC
EDF-EDIP-P-2027-LS-IRA-PE,European Defence Fund,open,2026-06-17,2027-02-16,single-stage,564300000,EDF Lump Sum Grants,https://ec.europa.eu/info/funding-tenders/opportunities/portal/screen/opportunities/topic-details/EDF-EDIP-P-2027-LS-IRA-PE
HORIZON-CL4-2027-SPACE-03-83,Horizon Europe,forthcoming,2027-03-09,2027-09-02,single-stage,66160000,HORIZON  Research and Innovation Actions,https://ec.europa.eu/info/funding-tenders/opportunities/portal/screen/opportunities/topic-details/HORIZON-CL4-2027-SPACE-03-83
HORIZON-NEB-2026-01-BUSINESS-03,Horizon Europe,open,2026-05-05,2026-12-01,single-stage,101100000,HORIZON  Research and Innovation Actions,https://ec.europa.eu/info/funding-tenders/opportunities/portal/screen/opportunities/topic-details/HORIZON-NEB-2026-01-BUSINESS-03
HORIZON-CL3-2026-01-INFRA-02,Horizon Europe,open,2026-05-06,2026-11-05,single-stage,131000000,HORIZON  Research and Innovation Actions,https://ec.europa.eu/info/funding-tenders/opportunities/portal/screen/opportunities/topic-details/HORIZON-CL3-2026-01-INFRA-02
HORIZON-CL3-2026-01-DRS-04,Horizon Europe,open,2026-05-06,2026-11-05,single-stage,131000000,HORIZON Innovation Actions,https://ec.europa.eu/info/funding-tenders/opportunities/portal/screen/opportunities/topic-details/HORIZON-CL3-2026-01-DRS-04
HORIZON-CL3-2026-01-FCT-05,Horizon Europe,open,2026-05-06,2026-11-05,single-stage,131000000,HORIZON Innovation Actions,https://ec.europa.eu/info/funding-tenders/opportunities/portal/screen/opportunities/topic-details/HORIZON-CL3-2026-01-FCT-05
HORIZON-MSCA-2027-SE-01-01,Horizon Europe,forthcoming,2026-12-15,2027-04-15,single-stage,95035106,HORIZON TMA MSCA Staff Exchanges,https://ec.europa.eu/info/funding-tenders/opportunities/portal/screen/opportunities/topic-details/HORIZON-MSCA-2027-SE-01-01
HORIZON-EIT-2026-PRIZE-WIP-LEADERSHIP,Horizon Europe,open,2026-09-02,2026-12-01,single-stage,100000,HORIZON Recognition Prize,https://ec.europa.eu/info/funding-tenders/opportunities/portal/screen/opportunities/topic-details/HORIZON-EIT-2026-PRIZE-WIP-LEADERSHIP
HORIZON-CL3-2027-02-CS-ECCC-01,Horizon Europe,forthcoming,2027-03-02,2027-09-15,single-stage,71800000,HORIZON  Research and Innovation Actions,https://ec.europa.eu/info/funding-tenders/opportunities/portal/screen/opportunities/topic-details/HORIZON-CL3-2027-02-CS-ECCC-01
HORIZON-CL3-2026-01-SSRI-03,Horizon Europe,open,2026-05-06,2026-11-05,single-stage,131000000,HORIZON Public Procurement of Innovative Solutions,https://ec.europa.eu/info/funding-tenders/opportunities/portal/screen/opportunities/topic-details/HORIZON-CL3-2026-01-SSRI-03
HORIZON-NEB-2026-01-BUSINESS-01,Horizon Europe,open,2026-05-05,2026-12-01,single-stage,101100000,HORIZON Innovation Actions,https://ec.europa.eu/info/funding-tenders/opportunities/portal/screen/opportunities/topic-details/HORIZON-NEB-2026-01-BUSINESS-01
HORIZON-CL3-2026-01-FCT-01,Horizon Europe,open,2026-05-06,2026-11-05,single-stage,131000000,HORIZON  Research and Innovation Actions,https://ec.europa.eu/info/funding-tenders/opportunities/portal/screen/opportunities/topic-details/HORIZON-CL3-2026-01-FCT-01
HORIZON-BRIDGING-2027-05-01,Horizon Europe,forthcoming,2026-12-01,2027-03-03,single-stage,30000000,HORIZON Coordination and Support Actions,https://ec.europa.eu/info/funding-tenders/opportunities/portal/screen/opportunities/topic-details/HORIZON-BRIDGING-2027-05-01
HORIZON-NEB-2026-01-PARTICIPATION-02,Horizon Europe,open,2026-05-05,2026-12-01,single-stage,101100000,HORIZON Innovation Actions,https://ec.europa.eu/info/funding-tenders/opportunities/portal/screen/opportunities/topic-details/HORIZON-NEB-2026-01-PARTICIPATION-02
JUST-2027-JACC-EJUSTICE-DIGITAL,Justice,open,2026-06-25,2026-10-15,single-stage,18800000,JUST Lump Sum Grants,https://ec.europa.eu/info/funding-tenders/opportunities/portal/screen/opportunities/topic-details/JUST-2027-JACC-EJUSTICE-DIGITAL
HORIZON-CL3-2026-01-SSRI-04,Horizon Europe,open,2026-05-06,2026-11-05,single-stage,131000000,HORIZON Innovation Actions,https://ec.europa.eu/info/funding-tenders/opportunities/portal/screen/opportunities/topic-details/HORIZON-CL3-2026-01-SSRI-04
HORIZON-CL3-2026-01-BM-02,Horizon Europe,open,2026-05-06,2026-11-05,single-stage,131000000,HORIZON Innovation Actions,https://ec.europa.eu/info/funding-tenders/opportunities/portal/screen/opportunities/topic-details/HORIZON-CL3-2026-01-BM-02
JUST-2027-JACC-EJUSTICE-RIGHTS,Justice,open,2026-06-25,2026-10-15,single-stage,18800000,JUST Lump Sum Grants,https://ec.europa.eu/info/funding-tenders/opportunities/portal/screen/opportunities/topic-details/JUST-2027-JACC-EJUSTICE-RIGHTS
HORIZON-CL3-2026-01-DRS-01,Horizon Europe,open,2026-05-06,2026-11-05,single-stage,131000000,HORIZON  Research and Innovation Actions,https://ec.europa.eu/info/funding-tenders/opportunities/portal/screen/opportunities/topic-details/HORIZON-CL3-2026-01-DRS-01
HORIZON-CL3-2026-01-SSRI-01,Horizon Europe,open,2026-05-06,2026-11-05,single-stage,131000000,HORIZON  Research and Innovation Actions,https://ec.europa.eu/info/funding-tenders/opportunities/portal/screen/opportunities/topic-details/HORIZON-CL3-2026-01-SSRI-01
SOCPL-2026-INFO-REPR,EaSI / SOCPL,open,2026-09-02,2026-11-12,single-stage,2500000,SOCPL Project Grants,https://ec.europa.eu/info/funding-tenders/opportunities/portal/screen/opportunities/topic-details/SOCPL-2026-INFO-REPR
HORIZON-MSCA-2027-PF-01-01,Horizon Europe,forthcoming,2027-04-07,2027-09-08,single-stage,388568780,HORIZON TMA MSCA Postdoctoral Fellowships - Global FellowshipsHORIZON TMA MSCA Postdoctoral Fellowships - European Fellowships,https://ec.europa.eu/info/funding-tenders/opportunities/portal/screen/opportunities/topic-details/HORIZON-MSCA-2027-PF-01-01
HORIZON-NEB-2027-02-NEB-SOIL-01,Horizon Europe,forthcoming,2027-05-05,2027-09-15,single-stage,15000000,HORIZON Innovation Actions,https://ec.europa.eu/info/funding-tenders/opportunities/portal/screen/opportunities/topic-details/HORIZON-NEB-2027-02-NEB-SOIL-01
CEF-DIG-2026-CABLE-REPAIR-CAPACITIES-WORKS,Connecting Europe Facility,open,2026-06-23,2026-11-25,single-stage,40000000,CEF Infrastructure Projects,https://ec.europa.eu/info/funding-tenders/opportunities/portal/screen/opportunities/topic-details/CEF-DIG-2026-CABLE-REPAIR-CAPACITIES-WORKS
JTM-2026-PSLF-STANDALONE-PROJECTS,Just Transition,open,2025-10-23,2026-01-27,multiple cut-off,1260000000,JTM Lump Sum Grants,https://ec.europa.eu/info/funding-tenders/opportunities/portal/screen/opportunities/topic-details/JTM-2026-PSLF-STANDALONE-PROJECTS
EuropeAid/187639/DD/ACT/US,NDICI / EuropeAid,open,2026-09-11,2026-12-02,,,,https://webgate.ec.europa.eu/prospect/external/publishedcalls.htm?callId=187639
CREA-MEDIA-2027-DEVSLATE,Creative Europe,open,2026-09-30,2026-12-01,single-stage,22374320,CREA Lump Sum Grants,https://ec.europa.eu/info/funding-tenders/opportunities/portal/screen/opportunities/topic-details/CREA-MEDIA-2027-DEVSLATE
CREA-MEDIA-2027-CODEV,Creative Europe,open,2026-09-30,2027-03-02,single-stage,12500000,CREA Lump Sum Grants,https://ec.europa.eu/info/funding-tenders/opportunities/portal/screen/opportunities/topic-details/CREA-MEDIA-2027-CODEV
CREA-MEDIA-2027-TVONLINE-2,Creative Europe,open,2026-09-30,2027-02-10,multiple cut-off,69900000,CREA Lump Sum Grants,https://ec.europa.eu/info/funding-tenders/opportunities/portal/screen/opportunities/topic-details/CREA-MEDIA-2027-TVONLINE-2
CREA-MEDIA-2027-TVONLINE-3,Creative Europe,open,2026-09-30,2027-02-10,multiple cut-off,69900000,CREA Lump Sum Grants,https://ec.europa.eu/info/funding-tenders/opportunities/portal/screen/opportunities/topic-details/CREA-MEDIA-2027-TVONLINE-3
HORIZON-EIC-2026-STEP,Horizon Europe,open,2025-11-06,2026-10-08,,300000000,HORIZON EIC Equity Only,https://ec.europa.eu/info/funding-tenders/opportunities/portal/screen/opportunities/topic-details/HORIZON-EIC-2026-STEP
CREA-MEDIA-2027-DEVVGIM,Creative Europe,open,2026-09-30,2027-02-02,single-stage,13500000,CREA Lump Sum Grants,https://ec.europa.eu/info/funding-tenders/opportunities/portal/screen/opportunities/topic-details/CREA-MEDIA-2027-DEVVGIM
CREA-MEDIA-2027-TVONLINE-1,Creative Europe,open,2026-09-30,2027-02-10,multiple cut-off,69900000,CREA Lump Sum Grants,https://ec.europa.eu/info/funding-tenders/opportunities/portal/screen/opportunities/topic-details/CREA-MEDIA-2027-TVONLINE-1
ERASMUS-EDU-2022-ECHE-CERT-FP,Erasmus+,open,2022-02-23,2022-05-03,multiple cut-off,,ERASMUS ECHE Charter,https://ec.europa.eu/info/funding-tenders/opportunities/portal/screen/opportunities/topic-details/ERASMUS-EDU-2022-ECHE-CERT-FP
HORIZON-MISS-2026-07-CROSS-04,Horizon Europe,open,2026-10-06,2027-01-13,single-stage,3620000,HORIZON Innovation Actions,https://ec.europa.eu/info/funding-tenders/opportunities/portal/screen/opportunities/topic-details/HORIZON-MISS-2026-07-CROSS-04
HORIZON-NATURE-2027-04-01,Horizon Europe,open,2026-10-06,2027-02-16,single-stage,50000000,HORIZON Innovation Actions,https://ec.europa.eu/info/funding-tenders/opportunities/portal/screen/opportunities/topic-details/HORIZON-NATURE-2027-04-01
CREA-CULT-2027-LIT,Creative Europe,forthcoming,2026-10-21,2027-01-27,single-stage,5000000,CREA Lump Sum Grants,https://ec.europa.eu/info/funding-tenders/opportunities/portal/screen/opportunities/topic-details/CREA-CULT-2027-LIT
HORIZON-CL2-2027-02-TRANSFO-09-two-stage,Horizon Europe,forthcoming,2027-03-02,2027-05-04,two-stage,58000000,HORIZON  Research and Innovation Actions,https://ec.europa.eu/info/funding-tenders/opportunities/portal/screen/opportunities/topic-details/HORIZON-CL2-2027-02-TRANSFO-09-two-stage
HORIZON-CL2-2027-02-DEMOCRACY-09-two-stage,Horizon Europe,forthcoming,2027-03-02,2027-05-04,two-stage,58000000,HORIZON  Research and Innovation Actions,https://ec.europa.eu/info/funding-tenders/opportunities/portal/screen/opportunities/topic-details/HORIZON-CL2-2027-02-DEMOCRACY-09-two-stage
HORIZON-BRIDGING-2027-04-03,Horizon Europe,open,2026-10-06,2027-02-16,single-stage,35000000,HORIZON Coordination and Support Actions,https://ec.europa.eu/info/funding-tenders/opportunities/portal/screen/opportunities/topic-details/HORIZON-BRIDGING-2027-04-03
HORIZON-BRIDGING-2027-04-11,Horizon Europe,open,2026-10-06,2027-02-16,single-stage,35000000,HORIZON  Research and Innovation Actions,https://ec.europa.eu/info/funding-tenders/opportunities/portal/screen/opportunities/topic-details/HORIZON-BRIDGING-2027-04-11
HORIZON-EIE-2027-02-CONNECT-01,Horizon Europe,open,2026-10-06,2027-01-05,single-stage,40000000,HORIZON Programme Cofund Actions,https://ec.europa.eu/info/funding-tenders/opportunities/portal/screen/opportunities/topic-details/HORIZON-EIE-2027-02-CONNECT-01
HORIZON-BRIDGING-2027-04-08,Horizon Europe,open,2026-10-06,2027-02-16,single-stage,35000000,HORIZON Coordination and Support Actions,https://ec.europa.eu/info/funding-tenders/opportunities/portal/screen/opportunities/topic-details/HORIZON-BRIDGING-2027-04-08
CREA-MEDIA-2027-FILMDIST,Creative Europe,forthcoming,2026-12-03,2027-04-08,single-stage,38000000,CREA Project Grants,https://ec.europa.eu/info/funding-tenders/opportunities/portal/screen/opportunities/topic-details/CREA-MEDIA-2027-FILMDIST
HORIZON-CL6-2027-03-GOVERNANCE-01,Horizon Europe,forthcoming,2027-02-04,2027-05-11,single-stage,49050000,HORIZON  Research and Innovation Actions,https://ec.europa.eu/info/funding-tenders/opportunities/portal/screen/opportunities/topic-details/HORIZON-CL6-2027-03-GOVERNANCE-01
HORIZON-CL6-2027-01-BIODIV-05,Horizon Europe,forthcoming,2027-04-20,2027-09-22,single-stage,261800000,HORIZON  Research and Innovation Actions,https://ec.europa.eu/info/funding-tenders/opportunities/portal/screen/opportunities/topic-details/HORIZON-CL6-2027-01-BIODIV-05
HORIZON-CL6-2027-01-CIRCBIO-06,Horizon Europe,forthcoming,2027-04-20,2027-09-22,single-stage,261800000,HORIZON  Research and Innovation Actions,https://ec.europa.eu/info/funding-tenders/opportunities/portal/screen/opportunities/topic-details/HORIZON-CL6-2027-01-CIRCBIO-06
HORIZON-CL6-2027-02-CLIMATE-02,Horizon Europe,forthcoming,2027-04-20,2027-09-23,single-stage,182850000,HORIZON  Research and Innovation Actions,https://ec.europa.eu/info/funding-tenders/opportunities/portal/screen/opportunities/topic-details/HORIZON-CL6-2027-02-CLIMATE-02
HORIZON-EIE-2027-01-CONNECT-01-CANCELLED,Horizon Europe,forthcoming,2027-06-01,2027-09-15,single-stage,16000000,HORIZON Coordination and Support Actions,https://ec.europa.eu/info/funding-tenders/opportunities/portal/screen/opportunities/topic-details/HORIZON-EIE-2027-01-CONNECT-01-CANCELLED
HORIZON-CL6-2027-02-FARM2FORK-04,Horizon Europe,forthcoming,2027-04-20,2027-09-23,single-stage,182850000,HORIZON Coordination and Support Actions,https://ec.europa.eu/info/funding-tenders/opportunities/portal/screen/opportunities/topic-details/HORIZON-CL6-2027-02-FARM2FORK-04
HORIZON-CL6-2027-03-GOVERNANCE-06,Horizon Europe,forthcoming,2027-02-04,2027-05-11,single-stage,49050000,HORIZON Coordination and Support Actions,https://ec.europa.eu/info/funding-tenders/opportunities/portal/screen/opportunities/topic-details/HORIZON-CL6-2027-03-GOVERNANCE-06
HORIZON-CL6-2027-02-CLIMATE-01-two-stage,Horizon Europe,forthcoming,2027-02-04,2027-04-08,two-stage,35000000,HORIZON Innovation Actions,https://ec.europa.eu/info/funding-tenders/opportunities/portal/screen/opportunities/topic-details/HORIZON-CL6-2027-02-CLIMATE-01-two-stage
HORIZON-CL6-2027-02-CLIMATE-03,Horizon Europe,forthcoming,2027-04-20,2027-09-23,single-stage,182850000,HORIZON  Research and Innovation Actions,https://ec.europa.eu/info/funding-tenders/opportunities/portal/screen/opportunities/topic-details/HORIZON-CL6-2027-02-CLIMATE-03
HORIZON-MISS-2027-02-CANCER-05,Horizon Europe,forthcoming,2027-02-10,2027-09-16,single-stage,115323812,HORIZON Pre-commercial Procurement,https://ec.europa.eu/info/funding-tenders/opportunities/portal/screen/opportunities/topic-details/HORIZON-MISS-2027-02-CANCER-05
HORIZON-HLTH-2027-01-STAYHLTH-01,Horizon Europe,forthcoming,2026-10-29,2027-02-17,single-stage,341600000,HORIZON  Research and Innovation Actions,https://ec.europa.eu/info/funding-tenders/opportunities/portal/screen/opportunities/topic-details/HORIZON-HLTH-2027-01-STAYHLTH-01
HORIZON-HLTH-2027-01-DISEASE-05,Horizon Europe,forthcoming,2026-10-29,2027-02-17,single-stage,341600000,HORIZON  Research and Innovation Actions,https://ec.europa.eu/info/funding-tenders/opportunities/portal/screen/opportunities/topic-details/HORIZON-HLTH-2027-01-DISEASE-05
HORIZON-HLTH-2027-01-DISEASE-07,Horizon Europe,forthcoming,2026-10-29,2027-02-17,single-stage,341600000,HORIZON  Research and Innovation Actions,https://ec.europa.eu/info/funding-tenders/opportunities/portal/screen/opportunities/topic-details/HORIZON-HLTH-2027-01-DISEASE-07
HORIZON-HLTH-2027-01-ENVHLTH-MISSCLIMA-03,Horizon Europe,forthcoming,2026-10-29,2027-02-17,single-stage,341600000,HORIZON Pre-commercial Procurement,https://ec.europa.eu/info/funding-tenders/opportunities/portal/screen/opportunities/topic-details/HORIZON-HLTH-2027-01-ENVHLTH-MISSCLIMA-03
HORIZON-NEB-2027-01-BUSINESS-03,Horizon Europe,forthcoming,2027-05-05,2027-12-01,single-stage,91760000,HORIZON  Research and Innovation Actions,https://ec.europa.eu/info/funding-tenders/opportunities/portal/screen/opportunities/topic-details/HORIZON-NEB-2027-01-BUSINESS-03
HORIZON-HLTH-2027-02-DISEASE-14-two-stage,Horizon Europe,forthcoming,2026-10-29,2027-02-17,two-stage,186600000,HORIZON  Research and Innovation Actions,https://ec.europa.eu/info/funding-tenders/opportunities/portal/screen/opportunities/topic-details/HORIZON-HLTH-2027-02-DISEASE-14-two-stage
HORIZON-MISS-2027-04-CIT-01,Horizon Europe,forthcoming,2027-02-09,2027-10-07,single-stage,65500000,HORIZON Innovation Actions,https://ec.europa.eu/info/funding-tenders/opportunities/portal/screen/opportunities/topic-details/HORIZON-MISS-2027-04-CIT-01
HORIZON-INFRA-2027-DEV-01-02,Horizon Europe,forthcoming,2027-03-09,2027-06-15,single-stage,338350000,HORIZON  Research and Innovation Actions,https://ec.europa.eu/info/funding-tenders/opportunities/portal/screen/opportunities/topic-details/HORIZON-INFRA-2027-DEV-01-02
HORIZON-NEB-2027-01-REGEN-02,Horizon Europe,forthcoming,2027-05-05,2027-12-01,single-stage,91760000,HORIZON  Research and Innovation Actions,https://ec.europa.eu/info/funding-tenders/opportunities/portal/screen/opportunities/topic-details/HORIZON-NEB-2027-01-REGEN-02
HORIZON-NEB-2027-01-PARTICIPATION-01,Horizon Europe,forthcoming,2027-05-05,2027-12-01,single-stage,91760000,HORIZON Innovation Actions,https://ec.europa.eu/info/funding-tenders/opportunities/portal/screen/opportunities/topic-details/HORIZON-NEB-2027-01-PARTICIPATION-01
HORIZON-RAISE-2027-01-02,Horizon Europe,forthcoming,2026-10-13,2027-02-02,single-stage,30500000,HORIZON  Research and Innovation Actions,https://ec.europa.eu/info/funding-tenders/opportunities/portal/screen/opportunities/topic-details/HORIZON-RAISE-2027-01-02
HORIZON-RAISE-2027-01-01,Horizon Europe,forthcoming,2026-10-13,2027-02-02,single-stage,30500000,HORIZON  Research and Innovation Actions,https://ec.europa.eu/info/funding-tenders/opportunities/portal/screen/opportunities/topic-details/HORIZON-RAISE-2027-01-01
HORIZON-RAISE-2027-01-04,Horizon Europe,forthcoming,2026-10-13,2027-02-02,single-stage,30500000,HORIZON Coordination and Support Actions,https://ec.europa.eu/info/funding-tenders/opportunities/portal/screen/opportunities/topic-details/HORIZON-RAISE-2027-01-04
HORIZON-HLTH-2027-01-CARE-02,Horizon Europe,forthcoming,2026-10-29,2027-02-17,single-stage,341600000,HORIZON  Research and Innovation Actions,https://ec.europa.eu/info/funding-tenders/opportunities/portal/screen/opportunities/topic-details/HORIZON-HLTH-2027-01-CARE-02
HORIZON-NEB-2027-01-REGEN-04,Horizon Europe,forthcoming,2027-05-05,2027-12-01,single-stage,91760000,HORIZON Innovation Actions,https://ec.europa.eu/info/funding-tenders/opportunities/portal/screen/opportunities/topic-details/HORIZON-NEB-2027-01-REGEN-04
EuropeAid/187670/DD/ACT/Multi,NDICI / EuropeAid,open,2026-10-07,2027-01-15,,,,https://webgate.ec.europa.eu/prospect/external/publishedcalls.htm?callId=187670
HORIZON-CL6-2027-02-FARM2FORK-02-two-stage,Horizon Europe,forthcoming,2027-02-04,2027-04-08,two-stage,35000000,HORIZON  Research and Innovation Actions,https://ec.europa.eu/info/funding-tenders/opportunities/portal/screen/opportunities/topic-details/HORIZON-CL6-2027-02-FARM2FORK-02-two-stage
HORIZON-CL6-2027-02-FARM2FORK-02,Horizon Europe,forthcoming,2027-04-20,2027-09-23,single-stage,182850000,HORIZON Innovation Actions,https://ec.europa.eu/info/funding-tenders/opportunities/portal/screen/opportunities/topic-details/HORIZON-CL6-2027-02-FARM2FORK-02
HORIZON-CL6-2027-02-FARM2FORK-01-two-stage,Horizon Europe,forthcoming,2027-02-04,2027-04-08,two-stage,35000000,HORIZON  Research and Innovation Actions,https://ec.europa.eu/info/funding-tenders/opportunities/portal/screen/opportunities/topic-details/HORIZON-CL6-2027-02-FARM2FORK-01-two-stage
HORIZON-HLTH-2027-01-DISEASE-08,Horizon Europe,forthcoming,2026-10-29,2027-02-17,single-stage,341600000,HORIZON  Research and Innovation Actions,https://ec.europa.eu/info/funding-tenders/opportunities/portal/screen/opportunities/topic-details/HORIZON-HLTH-2027-01-DISEASE-08
HORIZON-HLTH-2027-01-ENVHLTH-02,Horizon Europe,forthcoming,2026-10-29,2027-02-17,single-stage,341600000,HORIZON  Research and Innovation Actions,https://ec.europa.eu/info/funding-tenders/opportunities/portal/screen/opportunities/topic-details/HORIZON-HLTH-2027-01-ENVHLTH-02
HORIZON-MSCA-2027-COFUND-01-01,Horizon Europe,forthcoming,2026-12-08,2027-04-06,single-stage,51320085,HORIZON TMA MSCA Cofund Doctoral programme,https://ec.europa.eu/info/funding-tenders/opportunities/portal/screen/opportunities/topic-details/HORIZON-MSCA-2027-COFUND-01-01
HORIZON-NEB-2027-01-REGEN-01,Horizon Europe,forthcoming,2027-05-05,2027-12-01,single-stage,91760000,HORIZON  Research and Innovation Actions,https://ec.europa.eu/info/funding-tenders/opportunities/portal/screen/opportunities/topic-details/HORIZON-NEB-2027-01-REGEN-01
HORIZON-INFRA-2027-SERV-01-02,Horizon Europe,forthcoming,2027-03-09,2027-06-15,single-stage,338350000,HORIZON  Research and Innovation Actions,https://ec.europa.eu/info/funding-tenders/opportunities/portal/screen/opportunities/topic-details/HORIZON-INFRA-2027-SERV-01-02
HORIZON-HLTH-2027-03-TOOL-08,Horizon Europe,forthcoming,2027-06-03,2027-09-16,single-stage,81500000,HORIZON Coordination and Support Actions,https://ec.europa.eu/info/funding-tenders/opportunities/portal/screen/opportunities/topic-details/HORIZON-HLTH-2027-03-TOOL-08
HORIZON-HLTH-2027-02-TOOL-01-two-stage,Horizon Europe,forthcoming,2026-10-29,2027-02-17,two-stage,186600000,HORIZON  Research and Innovation Actions,https://ec.europa.eu/info/funding-tenders/opportunities/portal/screen/opportunities/topic-details/HORIZON-HLTH-2027-02-TOOL-01-two-stage
HORIZON-CL6-2027-03-GOVERNANCE-05,Horizon Europe,forthcoming,2027-02-04,2027-05-11,single-stage,49050000,HORIZON Coordination and Support Actions,https://ec.europa.eu/info/funding-tenders/opportunities/portal/screen/opportunities/topic-details/HORIZON-CL6-2027-03-GOVERNANCE-05
HORIZON-EIE-2027-01-CONNECT-02,Horizon Europe,forthcoming,2027-06-01,2027-09-15,single-stage,16000000,HORIZON Pre-commercial Procurement,https://ec.europa.eu/info/funding-tenders/opportunities/portal/screen/opportunities/topic-details/HORIZON-EIE-2027-01-CONNECT-02
HORIZON-EIE-2027-01-CONNECT-03,Horizon Europe,forthcoming,2027-06-01,2027-09-15,single-stage,16000000,HORIZON Coordination and Support Actions,https://ec.europa.eu/info/funding-tenders/opportunities/portal/screen/opportunities/topic-details/HORIZON-EIE-2027-01-CONNECT-03
HORIZON-MISS-2027-02-CANCER-03,Horizon Europe,forthcoming,2027-02-10,2027-09-16,single-stage,115323812,HORIZON  Research and Innovation Actions,https://ec.europa.eu/info/funding-tenders/opportunities/portal/screen/opportunities/topic-details/HORIZON-MISS-2027-02-CANCER-03
HORIZON-MISS-2027-02-CANCER-02,Horizon Europe,forthcoming,2027-02-10,2027-09-16,single-stage,115323812,HORIZON Innovation Actions,https://ec.europa.eu/info/funding-tenders/opportunities/portal/screen/opportunities/topic-details/HORIZON-MISS-2027-02-CANCER-02
HORIZON-NEB-2027-01-PARTICIPATION-03,Horizon Europe,forthcoming,2027-05-05,2027-12-01,single-stage,91760000,HORIZON  Research and Innovation Actions,https://ec.europa.eu/info/funding-tenders/opportunities/portal/screen/opportunities/topic-details/HORIZON-NEB-2027-01-PARTICIPATION-03
HORIZON-NEB-2027-01-PARTICIPATION-02,Horizon Europe,forthcoming,2027-05-05,2027-12-01,single-stage,91760000,HORIZON Innovation Actions,https://ec.europa.eu/info/funding-tenders/opportunities/portal/screen/opportunities/topic-details/HORIZON-NEB-2027-01-PARTICIPATION-02
HORIZON-WIDERA-2027-05-ERA-03,Horizon Europe,forthcoming,2026-12-08,2027-03-11,single-stage,42000000,HORIZON Coordination and Support Actions,https://ec.europa.eu/info/funding-tenders/opportunities/portal/screen/opportunities/topic-details/HORIZON-WIDERA-2027-05-ERA-03
HORIZON-NEB-2027-01-BUSINESS-02,Horizon Europe,forthcoming,2027-05-05,2027-12-01,single-stage,91760000,HORIZON  Research and Innovation Actions,https://ec.europa.eu/info/funding-tenders/opportunities/portal/screen/opportunities/topic-details/HORIZON-NEB-2027-01-BUSINESS-02
HORIZON-NEB-2027-01-REGEN-03-CANCELLED,Horizon Europe,forthcoming,2027-05-05,2027-12-01,single-stage,91760000,HORIZON Innovation Actions,https://ec.europa.eu/info/funding-tenders/opportunities/portal/screen/opportunities/topic-details/HORIZON-NEB-2027-01-REGEN-03-CANCELLED
HORIZON-WIDERA-2027-04-WIDENING-01,Horizon Europe,open,2026-09-02,2027-03-04,single-stage,100000000,HORIZON Coordination and Support Actions,https://ec.europa.eu/info/funding-tenders/opportunities/portal/screen/opportunities/topic-details/HORIZON-WIDERA-2027-04-WIDENING-01
HORIZON-WIDERA-2027-05-ERA-05,Horizon Europe,forthcoming,2026-12-08,2027-03-11,single-stage,42000000,HORIZON  Research and Innovation Actions,https://ec.europa.eu/info/funding-tenders/opportunities/portal/screen/opportunities/topic-details/HORIZON-WIDERA-2027-05-ERA-05
HORIZON-WIDERA-2027-05-ERA-01,Horizon Europe,forthcoming,2026-12-08,2027-03-11,single-stage,42000000,HORIZON Coordination and Support Actions,https://ec.europa.eu/info/funding-tenders/opportunities/portal/screen/opportunities/topic-details/HORIZON-WIDERA-2027-05-ERA-01
HORIZON-MISS-2027-07-CLIMA-CIT-CCRI-02,Horizon Europe,forthcoming,2027-02-09,2027-09-22,single-stage,68500000,HORIZON Innovation Actions,https://ec.europa.eu/info/funding-tenders/opportunities/portal/screen/opportunities/topic-details/HORIZON-MISS-2027-07-CLIMA-CIT-CCRI-02
HORIZON-MISS-2027-07-CLIMA-CIT-NEB-01,Horizon Europe,forthcoming,2027-02-09,2027-09-22,single-stage,68500000,HORIZON Innovation Actions,https://ec.europa.eu/info/funding-tenders/opportunities/portal/screen/opportunities/topic-details/HORIZON-MISS-2027-07-CLIMA-CIT-NEB-01
HORIZON-WIDERA-2027-05-ERA-02,Horizon Europe,forthcoming,2026-12-08,2027-03-11,single-stage,42000000,HORIZON Coordination and Support Actions,https://ec.europa.eu/info/funding-tenders/opportunities/portal/screen/opportunities/topic-details/HORIZON-WIDERA-2027-05-ERA-02
HORIZON-WIDERA-2027-05-ERA-04,Horizon Europe,forthcoming,2026-12-08,2027-03-11,single-stage,42000000,HORIZON Coordination and Support Actions,https://ec.europa.eu/info/funding-tenders/opportunities/portal/screen/opportunities/topic-details/HORIZON-WIDERA-2027-05-ERA-04
HORIZON-WIDERA-2027-03-WIDENING-01,Horizon Europe,forthcoming,2027-04-07,2027-09-08,single-stage,8000000,HORIZON TMA MSCA Postdoctoral Fellowships - European Fellowships,https://ec.europa.eu/info/funding-tenders/opportunities/portal/screen/opportunities/topic-details/HORIZON-WIDERA-2027-03-WIDENING-01
HORIZON-MSCA-2027-DN-01-01,Horizon Europe,forthcoming,2027-05-26,2027-11-23,single-stage,1937979267.1799998,HORIZON TMA MSCA Doctoral NetworksHORIZON TMA MSCA Doctoral Networks - Joint DoctoratesHORIZON TMA MSCA Doctoral Networks - Industrial Doctorates,https://ec.europa.eu/info/funding-tenders/opportunities/portal/screen/opportunities/topic-details/HORIZON-MSCA-2027-DN-01-01
CREA-MEDIA-2027-FILMSALES,Creative Europe,forthcoming,2027-04-29,2027-06-17,single-stage,6000000,CREA Project Grants,https://ec.europa.eu/info/funding-tenders/opportunities/portal/screen/opportunities/topic-details/CREA-MEDIA-2027-FILMSALES
HORIZON-EIC-2026-PATHFINDERCHALLENGES-01-02,Horizon Europe,open,2026-07-22,2026-10-28,single-stage,288000000,HORIZON EIC Grants,https://ec.europa.eu/info/funding-tenders/opportunities/portal/screen/opportunities/topic-details/HORIZON-EIC-2026-PATHFINDERCHALLENGES-01-02
HORIZON-CL3-2027-01-BM-03,Horizon Europe,forthcoming,2027-05-05,2027-11-04,single-stage,129503000,HORIZON  Research and Innovation Actions,https://ec.europa.eu/info/funding-tenders/opportunities/portal/screen/opportunities/topic-details/HORIZON-CL3-2027-01-BM-03
HORIZON-CL3-2027-01-FCT-05,Horizon Europe,forthcoming,2027-05-05,2027-11-04,single-stage,129503000,HORIZON Innovation Actions,https://ec.europa.eu/info/funding-tenders/opportunities/portal/screen/opportunities/topic-details/HORIZON-CL3-2027-01-FCT-05
HORIZON-CL3-2027-01-SSRI-01,Horizon Europe,forthcoming,2027-05-05,2027-11-04,single-stage,129503000,HORIZON Innovation Actions,https://ec.europa.eu/info/funding-tenders/opportunities/portal/screen/opportunities/topic-details/HORIZON-CL3-2027-01-SSRI-01
HORIZON-CL3-2027-01-BM-02,Horizon Europe,forthcoming,2027-05-05,2027-11-04,single-stage,129503000,HORIZON  Research and Innovation Actions,https://ec.europa.eu/info/funding-tenders/opportunities/portal/screen/opportunities/topic-details/HORIZON-CL3-2027-01-BM-02
HORIZON-CL3-2027-01-SSRI-03,Horizon Europe,forthcoming,2027-05-05,2027-11-04,single-stage,129503000,HORIZON Pre-commercial Procurement,https://ec.europa.eu/info/funding-tenders/opportunities/portal/screen/opportunities/topic-details/HORIZON-CL3-2027-01-SSRI-03
HORIZON-CL3-2027-01-INFRA-01,Horizon Europe,forthcoming,2027-05-05,2027-11-04,single-stage,129503000,HORIZON Innovation Actions,https://ec.europa.eu/info/funding-tenders/opportunities/portal/screen/opportunities/topic-details/HORIZON-CL3-2027-01-INFRA-01
HORIZON-CID-2027-01-01,Horizon Europe,forthcoming,2027-01-12,2027-09-15,single-stage,265000000,HORIZON Innovation Actions,https://ec.europa.eu/info/funding-tenders/opportunities/portal/screen/opportunities/topic-details/HORIZON-CID-2027-01-01
HORIZON-CID-2027-01-02,Horizon Europe,forthcoming,2027-01-12,2027-09-15,single-stage,265000000,HORIZON Innovation Actions,https://ec.europa.eu/info/funding-tenders/opportunities/portal/screen/opportunities/topic-details/HORIZON-CID-2027-01-02
HORIZON-CL3-2027-01-DRS-02,Horizon Europe,forthcoming,2027-05-05,2027-11-04,single-stage,129503000,HORIZON  Research and Innovation Actions,https://ec.europa.eu/info/funding-tenders/opportunities/portal/screen/opportunities/topic-details/HORIZON-CL3-2027-01-DRS-02
HORIZON-CL3-2027-01-FCT-02,Horizon Europe,forthcoming,2027-05-05,2027-11-04,single-stage,129503000,HORIZON Innovation Actions,https://ec.europa.eu/info/funding-tenders/opportunities/portal/screen/opportunities/topic-details/HORIZON-CL3-2027-01-FCT-02
HORIZON-CL3-2027-01-FCT-01,Horizon Europe,forthcoming,2027-05-05,2027-11-04,single-stage,129503000,HORIZON Innovation Actions,https://ec.europa.eu/info/funding-tenders/opportunities/portal/screen/opportunities/topic-details/HORIZON-CL3-2027-01-FCT-01
HORIZON-CL3-2027-01-INFRA-02,Horizon Europe,forthcoming,2027-05-05,2027-11-04,single-stage,129503000,HORIZON Innovation Actions,https://ec.europa.eu/info/funding-tenders/opportunities/portal/screen/opportunities/topic-details/HORIZON-CL3-2027-01-INFRA-02
HORIZON-CL3-2027-01-DRS-03,Horizon Europe,forthcoming,2027-05-05,2027-11-04,single-stage,129503000,HORIZON Innovation Actions,https://ec.europa.eu/info/funding-tenders/opportunities/portal/screen/opportunities/topic-details/HORIZON-CL3-2027-01-DRS-03
HORIZON-CL3-2027-01-DRS-04,Horizon Europe,forthcoming,2027-05-05,2027-11-04,single-stage,129503000,HORIZON Innovation Actions,https://ec.europa.eu/info/funding-tenders/opportunities/portal/screen/opportunities/topic-details/HORIZON-CL3-2027-01-DRS-04
HORIZON-CL3-2027-01-FCT-04,Horizon Europe,forthcoming,2027-05-05,2027-11-04,single-stage,129503000,HORIZON Innovation Actions,https://ec.europa.eu/info/funding-tenders/opportunities/portal/screen/opportunities/topic-details/HORIZON-CL3-2027-01-FCT-04
HORIZON-CL3-2027-01-SSRI-02,Horizon Europe,forthcoming,2027-05-05,2027-11-04,single-stage,129503000,HORIZON Coordination and Support Actions,https://ec.europa.eu/info/funding-tenders/opportunities/portal/screen/opportunities/topic-details/HORIZON-CL3-2027-01-SSRI-02
HORIZON-CL3-2027-01-BM-01,Horizon Europe,forthcoming,2027-05-05,2027-11-04,single-stage,129503000,HORIZON  Research and Innovation Actions,https://ec.europa.eu/info/funding-tenders/opportunities/portal/screen/opportunities/topic-details/HORIZON-CL3-2027-01-BM-01
HORIZON-CL3-2027-01-FCT-03,Horizon Europe,forthcoming,2027-05-05,2027-11-04,single-stage,129503000,HORIZON  Research and Innovation Actions,https://ec.europa.eu/info/funding-tenders/opportunities/portal/screen/opportunities/topic-details/HORIZON-CL3-2027-01-FCT-03
HORIZON-CL3-2027-01-DRS-01,Horizon Europe,forthcoming,2027-05-05,2027-11-04,single-stage,129503000,HORIZON Innovation Actions,https://ec.europa.eu/info/funding-tenders/opportunities/portal/screen/opportunities/topic-details/HORIZON-CL3-2027-01-DRS-01
HORIZON-CL2-2027-02-HERITAGE-09-two-stage,Horizon Europe,forthcoming,2027-03-02,2027-05-04,two-stage,58000000,HORIZON  Research and Innovation Actions,https://ec.europa.eu/info/funding-tenders/opportunities/portal/screen/opportunities/topic-details/HORIZON-CL2-2027-02-HERITAGE-09-two-stage
HORIZON-CL4-2027-SPACE-03-21,Horizon Europe,forthcoming,2027-03-09,2027-09-02,single-stage,68120000,HORIZON  Research and Innovation Actions,https://ec.europa.eu/info/funding-tenders/opportunities/portal/screen/opportunities/topic-details/HORIZON-CL4-2027-SPACE-03-21
HORIZON-CL5-2027-02-D2-06,Horizon Europe,forthcoming,2026-12-03,2027-03-31,single-stage,222980000,HORIZON Innovation Actions,https://ec.europa.eu/info/funding-tenders/opportunities/portal/screen/opportunities/topic-details/HORIZON-CL5-2027-02-D2-06
HORIZON-CL5-2027-02-D3-09,Horizon Europe,forthcoming,2026-12-03,2027-03-31,single-stage,222980000,HORIZON Innovation Actions,https://ec.europa.eu/info/funding-tenders/opportunities/portal/screen/opportunities/topic-details/HORIZON-CL5-2027-02-D3-09
HORIZON-CL5-2027-03-D5-04,Horizon Europe,forthcoming,2026-12-15,2027-04-14,single-stage,131000000,HORIZON Innovation Actions,https://ec.europa.eu/info/funding-tenders/opportunities/portal/screen/opportunities/topic-details/HORIZON-CL5-2027-03-D5-04
HORIZON-CL5-2027-03-D5-08,Horizon Europe,forthcoming,2026-12-15,2027-04-14,single-stage,131000000,HORIZON  Research and Innovation Actions,https://ec.europa.eu/info/funding-tenders/opportunities/portal/screen/opportunities/topic-details/HORIZON-CL5-2027-03-D5-08
HORIZON-CL5-2027-05-D4-07,Horizon Europe,forthcoming,2027-05-05,2027-09-15,single-stage,100300000,HORIZON Innovation Actions,https://ec.europa.eu/info/funding-tenders/opportunities/portal/screen/opportunities/topic-details/HORIZON-CL5-2027-05-D4-07
HORIZON-CL5-2027-05-D2-08,Horizon Europe,forthcoming,2027-05-05,2027-09-15,single-stage,100300000,HORIZON Innovation Actions,https://ec.europa.eu/info/funding-tenders/opportunities/portal/screen/opportunities/topic-details/HORIZON-CL5-2027-05-D2-08
HORIZON-CL4-2027-SPACE-03-33,Horizon Europe,forthcoming,2027-03-09,2027-09-02,single-stage,68120000,HORIZON  Research and Innovation Actions,https://ec.europa.eu/info/funding-tenders/opportunities/portal/screen/opportunities/topic-details/HORIZON-CL4-2027-SPACE-03-33
HORIZON-CL5-2027-02-D3-07,Horizon Europe,forthcoming,2026-12-03,2027-03-31,single-stage,222980000,HORIZON Innovation Actions,https://ec.europa.eu/info/funding-tenders/opportunities/portal/screen/opportunities/topic-details/HORIZON-CL5-2027-02-D3-07
HORIZON-CL5-2027-03-D5-18,Horizon Europe,forthcoming,2026-12-15,2027-04-14,single-stage,131000000,HORIZON Innovation Actions,https://ec.europa.eu/info/funding-tenders/opportunities/portal/screen/opportunities/topic-details/HORIZON-CL5-2027-03-D5-18
HORIZON-CL5-2027-05-D4-05,Horizon Europe,forthcoming,2027-05-05,2027-09-15,single-stage,100300000,HORIZON Innovation Actions,https://ec.europa.eu/info/funding-tenders/opportunities/portal/screen/opportunities/topic-details/HORIZON-CL5-2027-05-D4-05
HORIZON-CL5-2027-07-D3-25,Horizon Europe,forthcoming,2027-08-04,2027-12-01,single-stage,179000000,HORIZON Innovation Actions,https://ec.europa.eu/info/funding-tenders/opportunities/portal/screen/opportunities/topic-details/HORIZON-CL5-2027-07-D3-25
HORIZON-CL5-2027-07-D3-26,Horizon Europe,forthcoming,2027-08-04,2027-12-01,single-stage,179000000,HORIZON Innovation Actions,https://ec.europa.eu/info/funding-tenders/opportunities/portal/screen/opportunities/topic-details/HORIZON-CL5-2027-07-D3-26
HORIZON-CL5-2027-06-D6-05,Horizon Europe,forthcoming,2027-06-03,2027-10-07,single-stage,37100000,HORIZON Coordination and Support Actions,https://ec.europa.eu/info/funding-tenders/opportunities/portal/screen/opportunities/topic-details/HORIZON-CL5-2027-06-D6-05
HORIZON-CL5-2027-06-D6-12,Horizon Europe,forthcoming,2027-06-03,2027-10-07,single-stage,37100000,HORIZON Coordination and Support Actions,https://ec.europa.eu/info/funding-tenders/opportunities/portal/screen/opportunities/topic-details/HORIZON-CL5-2027-06-D6-12
HORIZON-CL5-2027-03-D5-03,Horizon Europe,forthcoming,2026-12-15,2027-04-14,single-stage,131000000,HORIZON Innovation Actions,https://ec.europa.eu/info/funding-tenders/opportunities/portal/screen/opportunities/topic-details/HORIZON-CL5-2027-03-D5-03
HORIZON-CL5-2027-05-D4-09,Horizon Europe,forthcoming,2027-05-05,2027-09-15,single-stage,100300000,HORIZON Innovation Actions,https://ec.europa.eu/info/funding-tenders/opportunities/portal/screen/opportunities/topic-details/HORIZON-CL5-2027-05-D4-09
HORIZON-CL4-2027-SPACE-03-12,Horizon Europe,forthcoming,2027-03-09,2027-09-02,single-stage,68120000,HORIZON Innovation Actions,https://ec.europa.eu/info/funding-tenders/opportunities/portal/screen/opportunities/topic-details/HORIZON-CL4-2027-SPACE-03-12
HORIZON-CL6-2027-01-ZEROPOLLUTION-01,Horizon Europe,forthcoming,2027-04-20,2027-09-22,single-stage,261800000,HORIZON  Research and Innovation Actions,https://ec.europa.eu/info/funding-tenders/opportunities/portal/screen/opportunities/topic-details/HORIZON-CL6-2027-01-ZEROPOLLUTION-01
HORIZON-CL6-2027-01-BIODIV-01,Horizon Europe,forthcoming,2027-04-20,2027-09-22,single-stage,261800000,HORIZON  Research and Innovation Actions,https://ec.europa.eu/info/funding-tenders/opportunities/portal/screen/opportunities/topic-details/HORIZON-CL6-2027-01-BIODIV-01
HORIZON-CL4-2027-01-MAT-PROD-50,Horizon Europe,forthcoming,2026-10-13,2027-02-02,single-stage,224700000,HORIZON Coordination and Support Actions,https://ec.europa.eu/info/funding-tenders/opportunities/portal/screen/opportunities/topic-details/HORIZON-CL4-2027-01-MAT-PROD-50
HORIZON-CL4-2027-01-MAT-PROD-03,Horizon Europe,forthcoming,2026-10-13,2027-02-02,single-stage,224700000,HORIZON  Research and Innovation Actions,https://ec.europa.eu/info/funding-tenders/opportunities/portal/screen/opportunities/topic-details/HORIZON-CL4-2027-01-MAT-PROD-03
HORIZON-CL4-2027-01-MAT-PROD-02,Horizon Europe,forthcoming,2026-10-13,2027-02-02,single-stage,224700000,HORIZON Innovation Actions,https://ec.europa.eu/info/funding-tenders/opportunities/portal/screen/opportunities/topic-details/HORIZON-CL4-2027-01-MAT-PROD-02
HORIZON-CL5-2027-03-D5-06,Horizon Europe,forthcoming,2026-12-15,2027-04-14,single-stage,131000000,HORIZON Innovation Actions,https://ec.europa.eu/info/funding-tenders/opportunities/portal/screen/opportunities/topic-details/HORIZON-CL5-2027-03-D5-06
HORIZON-CL4-2027-04-DIGITAL-EMERGING-06,Horizon Europe,forthcoming,2026-11-17,2027-03-18,single-stage,272000000,HORIZON Innovation Actions,https://ec.europa.eu/info/funding-tenders/opportunities/portal/screen/opportunities/topic-details/HORIZON-CL4-2027-04-DIGITAL-EMERGING-06
HORIZON-CL5-2027-07-D3-17,Horizon Europe,forthcoming,2027-08-04,2027-12-01,single-stage,179000000,HORIZON Innovation Actions,https://ec.europa.eu/info/funding-tenders/opportunities/portal/screen/opportunities/topic-details/HORIZON-CL5-2027-07-D3-17
HORIZON-CL5-2027-04-Two-Stage-D2-07,Horizon Europe,forthcoming,2026-12-15,2027-04-14,two-stage,53000000,HORIZON  Research and Innovation Actions,https://ec.europa.eu/info/funding-tenders/opportunities/portal/screen/opportunities/topic-details/HORIZON-CL5-2027-04-Two-Stage-D2-07
HORIZON-CL5-2027-06-D6-08,Horizon Europe,forthcoming,2027-06-03,2027-10-07,single-stage,37100000,HORIZON Innovation Actions,https://ec.europa.eu/info/funding-tenders/opportunities/portal/screen/opportunities/topic-details/HORIZON-CL5-2027-06-D6-08
HORIZON-CL5-2027-07-D3-32,Horizon Europe,forthcoming,2027-08-04,2027-12-01,single-stage,179000000,HORIZON Innovation Actions,https://ec.europa.eu/info/funding-tenders/opportunities/portal/screen/opportunities/topic-details/HORIZON-CL5-2027-07-D3-32
HORIZON-CL5-2027-07-D3-27,Horizon Europe,forthcoming,2027-08-04,2027-12-01,single-stage,179000000,HORIZON Innovation Actions,https://ec.europa.eu/info/funding-tenders/opportunities/portal/screen/opportunities/topic-details/HORIZON-CL5-2027-07-D3-27
HORIZON-CL5-2027-07-D3-11,Horizon Europe,forthcoming,2027-08-04,2027-12-01,single-stage,179000000,HORIZON Innovation Actions,https://ec.europa.eu/info/funding-tenders/opportunities/portal/screen/opportunities/topic-details/HORIZON-CL5-2027-07-D3-11
HORIZON-CL6-2027-01-CIRCBIO-08,Horizon Europe,forthcoming,2027-04-20,2027-09-22,single-stage,261800000,HORIZON Innovation Actions,https://ec.europa.eu/info/funding-tenders/opportunities/portal/screen/opportunities/topic-details/HORIZON-CL6-2027-01-CIRCBIO-08
HORIZON-CL5-2027-07-D3-28,Horizon Europe,forthcoming,2027-08-04,2027-12-01,single-stage,179000000,HORIZON Coordination and Support Actions,https://ec.europa.eu/info/funding-tenders/opportunities/portal/screen/opportunities/topic-details/HORIZON-CL5-2027-07-D3-28
HORIZON-CL5-2027-07-D3-16,Horizon Europe,forthcoming,2027-08-04,2027-12-01,single-stage,179000000,HORIZON Innovation Actions,https://ec.europa.eu/info/funding-tenders/opportunities/portal/screen/opportunities/topic-details/HORIZON-CL5-2027-07-D3-16
HORIZON-CL5-2027-06-D6-04,Horizon Europe,forthcoming,2027-06-03,2027-10-07,single-stage,37100000,HORIZON  Research and Innovation Actions,https://ec.europa.eu/info/funding-tenders/opportunities/portal/screen/opportunities/topic-details/HORIZON-CL5-2027-06-D6-04
HORIZON-CL5-2027-06-D6-11,Horizon Europe,forthcoming,2027-06-03,2027-10-07,single-stage,37100000,HORIZON Innovation Actions,https://ec.europa.eu/info/funding-tenders/opportunities/portal/screen/opportunities/topic-details/HORIZON-CL5-2027-06-D6-11
HORIZON-CL6-2027-01-CIRCBIO-09,Horizon Europe,forthcoming,2027-04-20,2027-09-22,single-stage,261800000,HORIZON Innovation Actions,https://ec.europa.eu/info/funding-tenders/opportunities/portal/screen/opportunities/topic-details/HORIZON-CL6-2027-01-CIRCBIO-09
HORIZON-CL5-2027-03-D5-05,Horizon Europe,forthcoming,2026-12-15,2027-04-14,single-stage,131000000,HORIZON Innovation Actions,https://ec.europa.eu/info/funding-tenders/opportunities/portal/screen/opportunities/topic-details/HORIZON-CL5-2027-03-D5-05
HORIZON-CL5-2027-04-Two-Stage-D5-09,Horizon Europe,forthcoming,2026-12-15,2027-04-14,two-stage,53000000,HORIZON  Research and Innovation Actions,https://ec.europa.eu/info/funding-tenders/opportunities/portal/screen/opportunities/topic-details/HORIZON-CL5-2027-04-Two-Stage-D5-09
HORIZON-CL5-2027-05-D3-31,Horizon Europe,forthcoming,2027-05-05,2027-09-15,single-stage,100300000,HORIZON Coordination and Support Actions,https://ec.europa.eu/info/funding-tenders/opportunities/portal/screen/opportunities/topic-details/HORIZON-CL5-2027-05-D3-31
HORIZON-CL5-2027-03-D5-20,Horizon Europe,forthcoming,2026-12-15,2027-04-14,single-stage,131000000,HORIZON  Research and Innovation Actions,https://ec.europa.eu/info/funding-tenders/opportunities/portal/screen/opportunities/topic-details/HORIZON-CL5-2027-03-D5-20
HORIZON-CL6-2027-01-BIODIV-04,Horizon Europe,forthcoming,2027-04-20,2027-09-22,single-stage,261800000,HORIZON  Research and Innovation Actions,https://ec.europa.eu/info/funding-tenders/opportunities/portal/screen/opportunities/topic-details/HORIZON-CL6-2027-01-BIODIV-04
HORIZON-CL6-2027-01-CIRCBIO-03,Horizon Europe,forthcoming,2027-04-20,2027-09-22,single-stage,261800000,HORIZON  Research and Innovation Actions,https://ec.europa.eu/info/funding-tenders/opportunities/portal/screen/opportunities/topic-details/HORIZON-CL6-2027-01-CIRCBIO-03
HORIZON-CL6-2027-01-ZEROPOLLUTION-04,Horizon Europe,forthcoming,2027-04-20,2027-09-22,single-stage,261800000,HORIZON Coordination and Support Actions,https://ec.europa.eu/info/funding-tenders/opportunities/portal/screen/opportunities/topic-details/HORIZON-CL6-2027-01-ZEROPOLLUTION-04
HORIZON-CL6-2027-01-CIRCBIO-05,Horizon Europe,forthcoming,2027-04-20,2027-09-22,single-stage,261800000,HORIZON  Research and Innovation Actions,https://ec.europa.eu/info/funding-tenders/opportunities/portal/screen/opportunities/topic-details/HORIZON-CL6-2027-01-CIRCBIO-05
HORIZON-CL6-2027-01-CIRCBIO-02,Horizon Europe,forthcoming,2027-04-20,2027-09-22,single-stage,261800000,HORIZON Innovation Actions,https://ec.europa.eu/info/funding-tenders/opportunities/portal/screen/opportunities/topic-details/HORIZON-CL6-2027-01-CIRCBIO-02
HORIZON-CL6-2027-01-ZEROPOLLUTION-02,Horizon Europe,forthcoming,2027-04-20,2027-09-22,single-stage,261800000,HORIZON  Research and Innovation Actions,https://ec.europa.eu/info/funding-tenders/opportunities/portal/screen/opportunities/topic-details/HORIZON-CL6-2027-01-ZEROPOLLUTION-02
HORIZON-CL4-2027-04-DIGITAL-EMERGING-11,Horizon Europe,forthcoming,2026-11-17,2027-03-18,single-stage,272000000,HORIZON  Research and Innovation Actions,https://ec.europa.eu/info/funding-tenders/opportunities/portal/screen/opportunities/topic-details/HORIZON-CL4-2027-04-DIGITAL-EMERGING-11
HORIZON-CL4-2027-01-MAT-PROD-22,Horizon Europe,forthcoming,2026-10-13,2027-02-02,single-stage,224700000,HORIZON Innovation Actions,https://ec.europa.eu/info/funding-tenders/opportunities/portal/screen/opportunities/topic-details/HORIZON-CL4-2027-01-MAT-PROD-22
HORIZON-CL4-2027-04-DIGITAL-EMERGING-04,Horizon Europe,forthcoming,2026-11-17,2027-03-18,single-stage,272000000,HORIZON  Research and Innovation Actions,https://ec.europa.eu/info/funding-tenders/opportunities/portal/screen/opportunities/topic-details/HORIZON-CL4-2027-04-DIGITAL-EMERGING-04
HORIZON-CL4-2027-04-DIGITAL-EMERGING-10,Horizon Europe,forthcoming,2026-11-17,2027-03-18,single-stage,272000000,HORIZON Coordination and Support Actions,https://ec.europa.eu/info/funding-tenders/opportunities/portal/screen/opportunities/topic-details/HORIZON-CL4-2027-04-DIGITAL-EMERGING-10
HORIZON-CL4-2027-01-MAT-PROD-47,Horizon Europe,forthcoming,2026-10-13,2027-02-02,single-stage,224700000,HORIZON Coordination and Support Actions,https://ec.europa.eu/info/funding-tenders/opportunities/portal/screen/opportunities/topic-details/HORIZON-CL4-2027-01-MAT-PROD-47
HORIZON-CL4-2027-01-MAT-PROD-62,Horizon Europe,forthcoming,2026-10-13,2027-02-02,single-stage,33600000,HORIZON  Research and Innovation Actions,https://ec.europa.eu/info/funding-tenders/opportunities/portal/screen/opportunities/topic-details/HORIZON-CL4-2027-01-MAT-PROD-62
HORIZON-CL5-2027-02-D3-30,Horizon Europe,forthcoming,2026-12-03,2027-03-31,single-stage,222980000,HORIZON Innovation Actions,https://ec.europa.eu/info/funding-tenders/opportunities/portal/screen/opportunities/topic-details/HORIZON-CL5-2027-02-D3-30
HORIZON-CL5-2027-02-D3-10,Horizon Europe,forthcoming,2026-12-03,2027-03-31,single-stage,222980000,HORIZON Innovation Actions,https://ec.europa.eu/info/funding-tenders/opportunities/portal/screen/opportunities/topic-details/HORIZON-CL5-2027-02-D3-10
HORIZON-CL4-2027-SPACE-03-34,Horizon Europe,forthcoming,2027-03-09,2027-09-02,single-stage,68120000,HORIZON Innovation Actions,https://ec.europa.eu/info/funding-tenders/opportunities/portal/screen/opportunities/topic-details/HORIZON-CL4-2027-SPACE-03-34
HORIZON-CL4-2027-04-HUMAN-01,Horizon Europe,forthcoming,2026-11-17,2027-03-18,single-stage,272000000,HORIZON  Research and Innovation Actions,https://ec.europa.eu/info/funding-tenders/opportunities/portal/screen/opportunities/topic-details/HORIZON-CL4-2027-04-HUMAN-01
HORIZON-CL4-2027-04-HUMAN-07,Horizon Europe,forthcoming,2026-11-17,2027-03-18,single-stage,272000000,HORIZON Coordination and Support Actions,https://ec.europa.eu/info/funding-tenders/opportunities/portal/screen/opportunities/topic-details/HORIZON-CL4-2027-04-HUMAN-07
HORIZON-CL4-2027-04-DATA-09,Horizon Europe,forthcoming,2026-11-17,2027-03-18,single-stage,272000000,HORIZON Innovation Actions,https://ec.europa.eu/info/funding-tenders/opportunities/portal/screen/opportunities/topic-details/HORIZON-CL4-2027-04-DATA-09
HORIZON-CL4-2027-04-HUMAN-02,Horizon Europe,forthcoming,2026-11-17,2027-03-18,single-stage,272000000,HORIZON Coordination and Support Actions,https://ec.europa.eu/info/funding-tenders/opportunities/portal/screen/opportunities/topic-details/HORIZON-CL4-2027-04-HUMAN-02
HORIZON-CL4-2027-02-MAT-PROD-32-two-stage,Horizon Europe,forthcoming,2026-10-13,2027-02-02,two-stage,82500000,HORIZON Innovation Actions,https://ec.europa.eu/info/funding-tenders/opportunities/portal/screen/opportunities/topic-details/HORIZON-CL4-2027-02-MAT-PROD-32-two-stage
HORIZON-CL4-2027-04-DATA-03,Horizon Europe,forthcoming,2026-11-17,2027-03-18,single-stage,272000000,HORIZON  Research and Innovation Actions,https://ec.europa.eu/info/funding-tenders/opportunities/portal/screen/opportunities/topic-details/HORIZON-CL4-2027-04-DATA-03
HORIZON-CL4-2027-02-DIGITAL-EMERGING-52-two-stage,Horizon Europe,forthcoming,2026-10-13,2027-02-02,two-stage,82500000,HORIZON  Research and Innovation Actions,https://ec.europa.eu/info/funding-tenders/opportunities/portal/screen/opportunities/topic-details/HORIZON-CL4-2027-02-DIGITAL-EMERGING-52-two-stage
HORIZON-CL5-2027-03-D5-17,Horizon Europe,forthcoming,2026-12-15,2027-04-14,single-stage,131000000,HORIZON  Research and Innovation Actions,https://ec.europa.eu/info/funding-tenders/opportunities/portal/screen/opportunities/topic-details/HORIZON-CL5-2027-03-D5-17
HORIZON-CL5-2027-02-D3-08,Horizon Europe,forthcoming,2026-12-03,2027-03-31,single-stage,222980000,HORIZON Programme Cofund Actions,https://ec.europa.eu/info/funding-tenders/opportunities/portal/screen/opportunities/topic-details/HORIZON-CL5-2027-02-D3-08
HORIZON-CL5-2027-02-D3-24,Horizon Europe,forthcoming,2026-12-03,2027-03-31,single-stage,222980000,HORIZON Innovation Actions,https://ec.europa.eu/info/funding-tenders/opportunities/portal/screen/opportunities/topic-details/HORIZON-CL5-2027-02-D3-24
HORIZON-CL5-2027-02-D3-15,Horizon Europe,forthcoming,2026-12-03,2027-03-31,single-stage,222980000,HORIZON Innovation Actions,https://ec.europa.eu/info/funding-tenders/opportunities/portal/screen/opportunities/topic-details/HORIZON-CL5-2027-02-D3-15
HORIZON-CL5-2027-03-D5-15,Horizon Europe,forthcoming,2026-12-15,2027-04-14,single-stage,131000000,HORIZON Coordination and Support Actions,https://ec.europa.eu/info/funding-tenders/opportunities/portal/screen/opportunities/topic-details/HORIZON-CL5-2027-03-D5-15
HORIZON-CL5-2027-05-D4-06,Horizon Europe,forthcoming,2027-05-05,2027-09-15,single-stage,100300000,HORIZON Innovation Actions,https://ec.europa.eu/info/funding-tenders/opportunities/portal/screen/opportunities/topic-details/HORIZON-CL5-2027-05-D4-06
HORIZON-CL5-2027-02-D2-05,Horizon Europe,forthcoming,2026-12-03,2027-03-31,single-stage,222980000,HORIZON Innovation Actions,https://ec.europa.eu/info/funding-tenders/opportunities/portal/screen/opportunities/topic-details/HORIZON-CL5-2027-02-D2-05
HORIZON-NEB-2027-01-BUSINESS-01,Horizon Europe,forthcoming,2027-05-05,2027-12-01,single-stage,91760000,HORIZON Innovation Actions,https://ec.europa.eu/info/funding-tenders/opportunities/portal/screen/opportunities/topic-details/HORIZON-NEB-2027-01-BUSINESS-01
HORIZON-WIDERA-2027-01-WIDENING-01,Horizon Europe,forthcoming,2027-05-05,2027-11-18,single-stage,40000000,HORIZON Coordination and Support Actions,https://ec.europa.eu/info/funding-tenders/opportunities/portal/screen/opportunities/topic-details/HORIZON-WIDERA-2027-01-WIDENING-01
HORIZON-MISS-2027-04-CIT-03,Horizon Europe,forthcoming,2027-02-09,2027-10-07,single-stage,65500000,HORIZON Innovation Actions,https://ec.europa.eu/info/funding-tenders/opportunities/portal/screen/opportunities/topic-details/HORIZON-MISS-2027-04-CIT-03
HORIZON-MISS-2027-04-CIT-CCRI-04,Horizon Europe,forthcoming,2027-02-09,2027-10-07,single-stage,65500000,HORIZON Innovation Actions,https://ec.europa.eu/info/funding-tenders/opportunities/portal/screen/opportunities/topic-details/HORIZON-MISS-2027-04-CIT-CCRI-04
HORIZON-MSCA-2027-CITIZENS-01-01,Horizon Europe,forthcoming,2027-03-09,2027-06-08,single-stage,15729369,HORIZON Coordination and Support Actions,https://ec.europa.eu/info/funding-tenders/opportunities/portal/screen/opportunities/topic-details/HORIZON-MSCA-2027-CITIZENS-01-01
HORIZON-MSCA-2027-COFUND-02-01,Horizon Europe,forthcoming,2026-12-08,2027-04-06,single-stage,51320085,HORIZON TMA MSCA Cofund Postdoctoral programme,https://ec.europa.eu/info/funding-tenders/opportunities/portal/screen/opportunities/topic-details/HORIZON-MSCA-2027-COFUND-02-01
HORIZON-INFRA-2027-DEV-01-01,Horizon Europe,forthcoming,2027-03-09,2027-06-15,single-stage,338350000,HORIZON Coordination and Support Actions,https://ec.europa.eu/info/funding-tenders/opportunities/portal/screen/opportunities/topic-details/HORIZON-INFRA-2027-DEV-01-01
HORIZON-MISS-2027-04-CIT-02,Horizon Europe,forthcoming,2027-02-09,2027-10-07,single-stage,65500000,HORIZON Coordination and Support Actions,https://ec.europa.eu/info/funding-tenders/opportunities/portal/screen/opportunities/topic-details/HORIZON-MISS-2027-04-CIT-02
HORIZON-CL5-2027-01-D1-07,Horizon Europe,forthcoming,2026-11-17,2027-03-04,single-stage,123000000,HORIZON  Research and Innovation Actions,https://ec.europa.eu/info/funding-tenders/opportunities/portal/screen/opportunities/topic-details/HORIZON-CL5-2027-01-D1-07
HORIZON-CL5-2027-01-D1-08,Horizon Europe,forthcoming,2026-11-17,2027-03-04,single-stage,123000000,HORIZON  Research and Innovation Actions,https://ec.europa.eu/info/funding-tenders/opportunities/portal/screen/opportunities/topic-details/HORIZON-CL5-2027-01-D1-08
HORIZON-CL5-2027-01-D1-10,Horizon Europe,forthcoming,2026-11-17,2027-03-04,single-stage,123000000,HORIZON  Research and Innovation Actions,https://ec.europa.eu/info/funding-tenders/opportunities/portal/screen/opportunities/topic-details/HORIZON-CL5-2027-01-D1-10
HORIZON-CL5-2027-01-D1-13,Horizon Europe,forthcoming,2026-11-17,2027-03-04,single-stage,123000000,HORIZON  Research and Innovation Actions,https://ec.europa.eu/info/funding-tenders/opportunities/portal/screen/opportunities/topic-details/HORIZON-CL5-2027-01-D1-13
HORIZON-WIDERA-2027-02-WIDENING-01,Horizon Europe,forthcoming,2027-04-06,2027-09-14,single-stage,240000000,HORIZON Coordination and Support Actions,https://ec.europa.eu/info/funding-tenders/opportunities/portal/screen/opportunities/topic-details/HORIZON-WIDERA-2027-02-WIDENING-01
HORIZON-WIDERA-2027-02-WIDENING-02,Horizon Europe,forthcoming,2027-04-06,2027-09-14,single-stage,240000000,HORIZON Coordination and Support Actions,https://ec.europa.eu/info/funding-tenders/opportunities/portal/screen/opportunities/topic-details/HORIZON-WIDERA-2027-02-WIDENING-02
HORIZON-CL5-2027-02-D3-33,Horizon Europe,forthcoming,2026-12-03,2027-03-31,single-stage,222980000,HORIZON Coordination and Support Actions,https://ec.europa.eu/info/funding-tenders/opportunities/portal/screen/opportunities/topic-details/HORIZON-CL5-2027-02-D3-33
EUBA-EFSA-2026-BIOHAW-01,EUBA,open,2026-10-08,2026-12-10,single-stage,300000,EUBA Type of Action,https://ec.europa.eu/info/funding-tenders/opportunities/portal/screen/opportunities/topic-details/EUBA-EFSA-2026-BIOHAW-01
EUBA-EFSA-2026-PLANTS-02,EUBA,open,2026-10-06,2026-12-08,single-stage,500000,EUBA Type of Action,https://ec.europa.eu/info/funding-tenders/opportunities/portal/screen/opportunities/topic-details/EUBA-EFSA-2026-PLANTS-02
EuropeAid/187126/DD/ACT/VN,NDICI / EuropeAid,open,2026-09-17,2026-11-03,,,,https://webgate.ec.europa.eu/prospect/external/publishedcalls.htm?callId=187126
HORIZON-CL4-2027-SPACE-03-71,Horizon Europe,forthcoming,2027-03-09,2027-09-02,single-stage,68120000,HORIZON  Research and Innovation Actions,https://ec.europa.eu/info/funding-tenders/opportunities/portal/screen/opportunities/topic-details/HORIZON-CL4-2027-SPACE-03-71
CREA-MEDIA-2027-FILMOVE,Creative Europe,open,2026-09-30,2027-01-21,multiple cut-off,23500000,CREA Project Grants,https://ec.europa.eu/info/funding-tenders/opportunities/portal/screen/opportunities/topic-details/CREA-MEDIA-2027-FILMOVE
EDF-2023-DA-UWW-ASW,European Defence Fund,forthcoming,2023-06-15,2023-11-22,single-stage,,EDF Development Actions,https://ec.europa.eu/info/funding-tenders/opportunities/data/topicDetails/EDF-2023-DA-UWW-ASW.json
EDF-2023-DA-C4ISR-TRPAS,European Defence Fund,forthcoming,2023-06-15,2023-11-22,single-stage,,EDF Development Actions,https://ec.europa.eu/info/funding-tenders/opportunities/data/topicDetails/EDF-2023-DA-C4ISR-TRPAS.json
EDF-2023-RA-SI-ENERENV-IPS,European Defence Fund,forthcoming,2023-06-15,2023-11-22,single-stage,,EDF Research Actions,https://ec.europa.eu/info/funding-tenders/opportunities/data/topicDetails/EDF-2023-RA-SI-ENERENV-IPS.json
EDF-2023-LS-RA-CHALLENGE-DIGIT-HLTP,European Defence Fund,forthcoming,2023-06-15,2023-11-22,single-stage,,EDF Lump Sum Grants,https://ec.europa.eu/info/funding-tenders/opportunities/data/topicDetails/EDF-2023-LS-RA-CHALLENGE-DIGIT-HLTP.json
EDF-2023-LS-RA-DIS-NT,European Defence Fund,forthcoming,2023-06-15,2023-11-22,single-stage,,EDF Lump Sum Grants,https://ec.europa.eu/info/funding-tenders/opportunities/data/topicDetails/EDF-2023-LS-RA-DIS-NT.json
EDF-2023-RA-SI-CYBER-ASPT,European Defence Fund,forthcoming,2023-06-15,2023-11-22,single-stage,,EDF Research Actions,https://ec.europa.eu/info/funding-tenders/opportunities/data/topicDetails/EDF-2023-RA-SI-CYBER-ASPT.json
EDF-2023-DA-C4ISR-LCOM,European Defence Fund,forthcoming,2023-06-15,2023-11-22,single-stage,,EDF Development Actions,https://ec.europa.eu/info/funding-tenders/opportunities/data/topicDetails/EDF-2023-DA-C4ISR-LCOM.json
HORIZON-CL4-2024-HUMAN-01-34,Horizon Europe,forthcoming,2023-11-15,2024-03-19,single-stage,,HORIZON Coordination and Support Actions,https://ec.europa.eu/info/funding-tenders/opportunities/data/topicDetails/HORIZON-CL4-2024-HUMAN-01-34.json
EuropeAid/170893/ID/ACT/RS,NDICI / EuropeAid,open,2020-12-11,,,,,https://ec.europa.eu/info/funding-tenders/opportunities/data/topicDetails/170893EN
EuropeAid/167264/DD/ACT/Multi,NDICI / EuropeAid,open,2019-11-19,,,,,https://ec.europa.eu/info/funding-tenders/opportunities/data/topicDetails/167264EN
EuropeAid/173638/ID/ACT/RS,NDICI / EuropeAid,open,2022-01-20,,,,,https://ec.europa.eu/info/funding-tenders/opportunities/data/topicDetails/173638EN
EuropeAid/173682/DD/ACT/MG,NDICI / EuropeAid,open,2022-02-16,,,,,https://ec.europa.eu/info/funding-tenders/opportunities/data/topicDetails/173682EN
HORIZON-CL4-2024-HUMAN-02-34,Horizon Europe,forthcoming,2024-04-03,2024-09-10,single-stage,,HORIZON Coordination and Support Actions,https://ec.europa.eu/info/funding-tenders/opportunities/data/topicDetails/HORIZON-CL4-2024-HUMAN-02-34.json
EuropeAid/172802/ID/ACT/RS,NDICI / EuropeAid,open,2021-07-30,,,,,https://ec.europa.eu/info/funding-tenders/opportunities/data/topicDetails/172802EN
EDF-2023-DA-AIRDEF-CUAS,European Defence Fund,forthcoming,2023-06-15,2023-11-22,single-stage,,EDF Development Actions,https://ec.europa.eu/info/funding-tenders/opportunities/data/topicDetails/EDF-2023-DA-AIRDEF-CUAS.json
EDF-2023-DA-C4ISR-DAA,European Defence Fund,forthcoming,2023-06-15,2023-11-22,single-stage,,EDF Development Actions,https://ec.europa.eu/info/funding-tenders/opportunities/data/topicDetails/EDF-2023-DA-C4ISR-DAA.json
EDF-2023-DA-MATCOMP-MJR-CBDIN,European Defence Fund,forthcoming,2023-06-15,2023-11-22,single-stage,,EDF Development Actions,https://ec.europa.eu/info/funding-tenders/opportunities/data/topicDetails/EDF-2023-DA-MATCOMP-MJR-CBDIN.json
EDF-2023-RA-SENS-EMSP,European Defence Fund,forthcoming,2023-06-15,2023-11-22,single-stage,,EDF Research Actions,https://ec.europa.eu/info/funding-tenders/opportunities/data/topicDetails/EDF-2023-RA-SENS-EMSP.json
EDF-2023-LS-RA-SMERO-NT,European Defence Fund,forthcoming,2023-06-15,2023-11-22,single-stage,,EDF Lump Sum Grants,https://ec.europa.eu/info/funding-tenders/opportunities/data/topicDetails/EDF-2023-LS-RA-SMERO-NT.json
EDF-2023-LS-RA-CHALLENGE-DIGIT-HLTO,European Defence Fund,forthcoming,2023-06-15,2023-11-22,single-stage,,EDF Lump Sum Grants,https://ec.europa.eu/info/funding-tenders/opportunities/data/topicDetails/EDF-2023-LS-RA-CHALLENGE-DIGIT-HLTO.json
EDF-2023-RA-SENS-OPTD,European Defence Fund,forthcoming,2023-06-15,2023-11-22,single-stage,,EDF Research Actions,https://ec.europa.eu/info/funding-tenders/opportunities/data/topicDetails/EDF-2023-RA-SENS-OPTD.json
EDF-2023-DA-MCBRN-FCS,European Defence Fund,forthcoming,2023-06-15,2023-11-22,single-stage,,EDF Development Actions,https://ec.europa.eu/info/funding-tenders/opportunities/data/topicDetails/EDF-2023-DA-MCBRN-FCS.json
EDF-2023-DA-CYBER-DAAI,European Defence Fund,forthcoming,2023-06-15,2023-11-22,single-stage,,EDF Development Actions,https://ec.europa.eu/info/funding-tenders/opportunities/data/topicDetails/EDF-2023-DA-CYBER-DAAI.json
EDF-2023-DA-SPACE-SSA,European Defence Fund,forthcoming,2023-06-15,2023-11-22,single-stage,,EDF Development Actions,https://ec.europa.eu/info/funding-tenders/opportunities/data/topicDetails/EDF-2023-DA-SPACE-SSA.json
EDF-2023-DA-UWW-MCMC,European Defence Fund,forthcoming,2023-06-15,2023-11-22,single-stage,,EDF Development Actions,https://ec.europa.eu/info/funding-tenders/opportunities/data/topicDetails/EDF-2023-DA-UWW-MCMC.json
EDF-2023-RA-SPACE-PSA,European Defence Fund,forthcoming,2023-06-15,2023-11-22,single-stage,,EDF Research Actions,https://ec.europa.eu/info/funding-tenders/opportunities/data/topicDetails/EDF-2023-RA-SPACE-PSA.json
EDF-2023-RA-PROTMOB-SATOC,European Defence Fund,forthcoming,2023-06-15,2023-11-22,single-stage,,EDF Research Actions,https://ec.europa.eu/info/funding-tenders/opportunities/data/topicDetails/EDF-2023-RA-PROTMOB-SATOC.json
EDF-2023-RA-DIS-LDEW,European Defence Fund,forthcoming,2023-06-15,2023-11-22,single-stage,,EDF Research Actions,https://ec.europa.eu/info/funding-tenders/opportunities/data/topicDetails/EDF-2023-RA-DIS-LDEW.json
EDF-2023-DA-CYBER-CSA,European Defence Fund,forthcoming,2023-06-15,2023-11-22,single-stage,,EDF Development Actions,https://ec.europa.eu/info/funding-tenders/opportunities/data/topicDetails/EDF-2023-DA-CYBER-CSA.json
EDF-2023-RA-SI-MATCOMP-HPM,European Defence Fund,forthcoming,2023-06-15,2023-11-22,single-stage,,EDF Research Actions,https://ec.europa.eu/info/funding-tenders/opportunities/data/topicDetails/EDF-2023-RA-SI-MATCOMP-HPM.json
EDF-2023-LS-DA-SME-NT,European Defence Fund,forthcoming,2023-06-15,2023-11-22,single-stage,,EDF Lump Sum Grants,https://ec.europa.eu/info/funding-tenders/opportunities/data/topicDetails/EDF-2023-LS-DA-SME-NT.json
EDF-2023-RA-DIGIT-HAAI,European Defence Fund,forthcoming,2023-06-15,2023-11-22,single-stage,,EDF Research Actions,https://ec.europa.eu/info/funding-tenders/opportunities/data/topicDetails/EDF-2023-RA-DIGIT-HAAI.json
EDF-2023-DA-GROUND-MBT,European Defence Fund,forthcoming,2023-06-15,2023-11-22,single-stage,,EDF Development Actions,https://ec.europa.eu/info/funding-tenders/opportunities/data/topicDetails/EDF-2023-DA-GROUND-MBT.json
EDF-2023-DA-AIR-SPS,European Defence Fund,forthcoming,2023-06-15,2023-11-22,single-stage,,EDF Development Actions,https://ec.europa.eu/info/funding-tenders/opportunities/data/topicDetails/EDF-2023-DA-AIR-SPS.json
EDF-2023-DA-NAVAL-MMPC,European Defence Fund,forthcoming,2023-06-15,2023-11-22,single-stage,,EDF Development Actions,https://ec.europa.eu/info/funding-tenders/opportunities/data/topicDetails/EDF-2023-DA-NAVAL-MMPC.json
EDF-2023-DA-AIR-STFS,European Defence Fund,forthcoming,2023-06-15,2023-11-22,single-stage,,EDF Development Actions,https://ec.europa.eu/info/funding-tenders/opportunities/data/topicDetails/EDF-2023-DA-AIR-STFS.json
EDF-2023-DA-GROUND-IFS,European Defence Fund,forthcoming,2023-06-15,2023-11-22,single-stage,,EDF Development Actions,https://ec.europa.eu/info/funding-tenders/opportunities/data/topicDetails/EDF-2023-DA-GROUND-IFS.json
EDF-2023-RA-PROTMOB-DEXPLO,European Defence Fund,forthcoming,2023-06-15,2023-11-22,single-stage,,EDF Research Actions,https://ec.europa.eu/info/funding-tenders/opportunities/data/topicDetails/EDF-2023-RA-PROTMOB-DEXPLO.json
EDF-2023-DA-SENS-GRID,European Defence Fund,forthcoming,2023-06-15,2023-11-22,single-stage,,EDF Development Actions,https://ec.europa.eu/info/funding-tenders/opportunities/data/topicDetails/EDF-2023-DA-SENS-GRID.json
EuropeAid/177107/DD/ACT/LB,NDICI / EuropeAid,open,2023-03-21,2023-06-23,,,,https://webgate.ec.europa.eu/prospect/external/publishedcalls.htm?callId=177107
HORIZON-WIDERA-2024-TALENTS-03-01,Horizon Europe,forthcoming,2024-04-11,2024-09-26,single-stage,,HORIZON Coordination and Support Actions,https://ec.europa.eu/info/funding-tenders/opportunities/data/topicDetails/HORIZON-WIDERA-2024-TALENTS-03-01.json
HORIZON-MSCA-2024-PF-01-01,Horizon Europe,forthcoming,2024-04-10,2024-09-11,single-stage,,HORIZON TMA MSCA Postdoctoral Fellowships - European FellowshipsHORIZON TMA MSCA Postdoctoral Fellowships - Global Fellowships,https://ec.europa.eu/info/funding-tenders/opportunities/data/topicDetails/HORIZON-MSCA-2024-PF-01-01.json
HORIZON-MSCA-2024-SE-01-01,Horizon Europe,forthcoming,2024-10-10,2025-03-05,single-stage,,HORIZON TMA MSCA Staff Exchanges,https://ec.europa.eu/info/funding-tenders/opportunities/data/topicDetails/HORIZON-MSCA-2024-SE-01-01.json
HORIZON-JU-CBE-2023-IA-06,Horizon Europe,open,2023-04-26,2023-09-20,single-stage,,HORIZON JU Innovation Actions,https://ec.europa.eu/info/funding-tenders/opportunities/data/topicDetails/HORIZON-JU-CBE-2023-IA-06.json
HORIZON-JU-CBE-2023-R-05,Horizon Europe,open,2023-04-26,2023-09-20,single-stage,,HORIZON JU Research and Innovation Actions,https://ec.europa.eu/info/funding-tenders/opportunities/data/topicDetails/HORIZON-JU-CBE-2023-R-05.json
HORIZON-JU-CBE-2023-IA-07,Horizon Europe,open,2023-04-26,2023-09-20,single-stage,,HORIZON JU Innovation Actions,https://ec.europa.eu/info/funding-tenders/opportunities/data/topicDetails/HORIZON-JU-CBE-2023-IA-07.json
HORIZON-JU-CBE-2023-R-02,Horizon Europe,open,2023-04-26,2023-09-20,single-stage,,HORIZON JU Research and Innovation Actions,https://ec.europa.eu/info/funding-tenders/opportunities/data/topicDetails/HORIZON-JU-CBE-2023-R-02.json
HORIZON-JU-CBE-2023-S-01,Horizon Europe,open,2023-04-26,2023-09-20,single-stage,,HORIZON JU Coordination and Support Actions,https://ec.europa.eu/info/funding-tenders/opportunities/data/topicDetails/HORIZON-JU-CBE-2023-S-01.json
HORIZON-JU-CBE-2023-R-04,Horizon Europe,open,2023-04-26,2023-09-20,single-stage,,HORIZON JU Research and Innovation Actions,https://ec.europa.eu/info/funding-tenders/opportunities/data/topicDetails/HORIZON-JU-CBE-2023-R-04.json
HORIZON-JU-GH-EDCTP3-2023-02-01-two-stage,Horizon Europe,forthcoming,2023-06-27,2023-09-28,two-stage,,HORIZON JU Research and Innovation Actions,https://ec.europa.eu/info/funding-tenders/opportunities/data/topicDetails/HORIZON-JU-GH-EDCTP3-2023-02-01-two-stage.json
HORIZON-CL3-2023-SSRI-01-01,Horizon Europe,forthcoming,2023-06-29,2023-11-23,single-stage,,HORIZON Coordination and Support Actions,https://ec.europa.eu/info/funding-tenders/opportunities/data/topicDetails/HORIZON-CL3-2023-SSRI-01-01.json
HORIZON-EIC-2023-ACCELERATORCHALLENGES-06,Horizon Europe,open,2022-12-08,2023-01-11,multiple cut-off,,HORIZON EIC Accelerator Blended Finance,https://ec.europa.eu/info/funding-tenders/opportunities/data/topicDetails/HORIZON-EIC-2023-ACCELERATORCHALLENGES-06.json
HORIZON-EIC-2023-ACCELERATORCHALLENGES-05,Horizon Europe,open,2022-12-08,2023-01-11,multiple cut-off,,HORIZON EIC Accelerator Blended Finance,https://ec.europa.eu/info/funding-tenders/opportunities/data/topicDetails/HORIZON-EIC-2023-ACCELERATORCHALLENGES-05.json
HORIZON-CL2-2023-HERITAGE-ECCCH-01-02,Horizon Europe,open,2023-01-10,2023-09-21,single-stage,,HORIZON  Research and Innovation Actions,https://ec.europa.eu/info/funding-tenders/opportunities/data/topicDetails/HORIZON-CL2-2023-HERITAGE-ECCCH-01-02.json
HORIZON-EIC-2023-ACCELERATORCHALLENGES-07,Horizon Europe,open,2022-12-08,2023-01-11,multiple cut-off,,HORIZON EIC Accelerator Blended Finance,https://ec.europa.eu/info/funding-tenders/opportunities/data/topicDetails/HORIZON-EIC-2023-ACCELERATORCHALLENGES-07.json
HORIZON-MISS-2023-OCEAN-SOIL-01-01,Horizon Europe,open,2023-01-17,2023-09-20,single-stage,,HORIZON Innovation Actions,https://ec.europa.eu/info/funding-tenders/opportunities/data/topicDetails/HORIZON-MISS-2023-OCEAN-SOIL-01-01.json
HORIZON-EIC-2023-ACCELERATORCHALLENGES-01,Horizon Europe,open,2022-12-08,2023-01-11,multiple cut-off,,HORIZON EIC Accelerator Blended Finance,https://ec.europa.eu/info/funding-tenders/opportunities/data/topicDetails/HORIZON-EIC-2023-ACCELERATORCHALLENGES-01.json
HORIZON-EIC-2023-ACCELERATOROPEN-01,Horizon Europe,open,2022-12-08,2023-01-11,multiple cut-off,,HORIZON EIC Accelerator Blended Finance,https://ec.europa.eu/info/funding-tenders/opportunities/data/topicDetails/HORIZON-EIC-2023-ACCELERATOROPEN-01.json
HORIZON-HLTH-2024-ENVHLTH-02-06-two-stage,Horizon Europe,open,2023-03-30,2023-09-19,two-stage,,HORIZON  Research and Innovation Actions,https://ec.europa.eu/info/funding-tenders/opportunities/data/topicDetails/HORIZON-HLTH-2024-ENVHLTH-02-06-two-stage.json
HORIZON-EIC-2023-ACCELERATORCHALLENGES-04,Horizon Europe,open,2022-12-08,2023-01-11,multiple cut-off,,HORIZON EIC Accelerator Blended Finance,https://ec.europa.eu/info/funding-tenders/opportunities/data/topicDetails/HORIZON-EIC-2023-ACCELERATORCHALLENGES-04.json
HORIZON-EIC-2023-TRANSITIONOPEN-01,Horizon Europe,open,2023-01-17,2023-04-12,multiple cut-off,,HORIZON EIC Grants,https://ec.europa.eu/info/funding-tenders/opportunities/data/topicDetails/HORIZON-EIC-2023-TRANSITIONOPEN-01.json
HORIZON-EIC-2023-TRANSITIONCHALLENGES-01,Horizon Europe,open,2023-01-17,2023-04-12,multiple cut-off,,HORIZON EIC Grants,https://ec.europa.eu/info/funding-tenders/opportunities/data/topicDetails/HORIZON-EIC-2023-TRANSITIONCHALLENGES-01.json
HORIZON-EIC-2023-TRANSITIONCHALLENGES-02,Horizon Europe,open,2023-01-17,2023-04-12,multiple cut-off,,HORIZON EIC Grants,https://ec.europa.eu/info/funding-tenders/opportunities/data/topicDetails/HORIZON-EIC-2023-TRANSITIONCHALLENGES-02.json
HORIZON-HLTH-2024-STAYHLTH-01-02-two-stage,Horizon Europe,open,2023-03-30,2023-09-19,two-stage,,HORIZON  Research and Innovation Actions,https://ec.europa.eu/info/funding-tenders/opportunities/data/topicDetails/HORIZON-HLTH-2024-STAYHLTH-01-02-two-stage.json
HORIZON-HLTH-2024-CARE-04-04-two-stage,Horizon Europe,open,2023-03-30,2023-09-19,two-stage,,HORIZON  Research and Innovation Actions,https://ec.europa.eu/info/funding-tenders/opportunities/data/topicDetails/HORIZON-HLTH-2024-CARE-04-04-two-stage.json
DIGITAL-2023-CLOUD-AI-04-COORDINATEF,Digital Europe,open,2023-05-11,2023-09-26,single-stage,,DIGITAL Coordination and Support Actions,https://ec.europa.eu/info/funding-tenders/opportunities/data/topicDetails/DIGITAL-2023-CLOUD-AI-04-COORDINATEF.json
DIGITAL-2023-PROGRAM-SUPPORT-04-NETWORK-NCPs,Digital Europe,open,2023-05-11,2023-09-26,single-stage,,DIGITAL Coordination and Support Actions,https://ec.europa.eu/info/funding-tenders/opportunities/data/topicDetails/DIGITAL-2023-PROGRAM-SUPPORT-04-NETWORK-NCPs.json
HORIZON-HLTH-2024-TOOL-05-06-two-stage,Horizon Europe,open,2023-03-30,2023-09-19,two-stage,,HORIZON  Research and Innovation Actions,https://ec.europa.eu/info/funding-tenders/opportunities/data/topicDetails/HORIZON-HLTH-2024-TOOL-05-06-two-stage.json
DIGITAL-2023-CLOUD-AI-04-DEVELOPCITI,Digital Europe,open,2023-05-11,2023-09-26,single-stage,,DIGITAL Simple Grants,https://ec.europa.eu/info/funding-tenders/opportunities/data/topicDetails/DIGITAL-2023-CLOUD-AI-04-DEVELOPCITI.json
DIGITAL-2023-CLOUD-AI-04-AEROSEC,Digital Europe,open,2023-05-11,2023-09-26,single-stage,,DIGITAL Simple Grants,https://ec.europa.eu/info/funding-tenders/opportunities/data/topicDetails/DIGITAL-2023-CLOUD-AI-04-AEROSEC.json
HORIZON-HLTH-2024-DISEASE-03-14-two-stage,Horizon Europe,open,2023-04-26,2023-09-19,two-stage,,HORIZON  Research and Innovation Actions,https://ec.europa.eu/info/funding-tenders/opportunities/data/topicDetails/HORIZON-HLTH-2024-DISEASE-03-14-two-stage.json
DIGITAL-2023-CLOUD-AI-04-IPCEI-EXPLOIT,Digital Europe,open,2023-05-11,2023-09-26,single-stage,,DIGITAL Coordination and Support Actions,https://ec.europa.eu/info/funding-tenders/opportunities/data/topicDetails/DIGITAL-2023-CLOUD-AI-04-IPCEI-EXPLOIT.json
HORIZON-HLTH-2024-DISEASE-03-13-two-stage,Horizon Europe,open,2023-04-26,2023-09-19,two-stage,,HORIZON  Research and Innovation Actions,https://ec.europa.eu/info/funding-tenders/opportunities/data/topicDetails/HORIZON-HLTH-2024-DISEASE-03-13-two-stage.json
DIGITAL-2023-PROGRAM-SUPPORT-04-DISSEM-EXPLOIT,Digital Europe,open,2023-05-11,2023-09-26,single-stage,,DIGITAL Coordination and Support Actions,https://ec.europa.eu/info/funding-tenders/opportunities/data/topicDetails/DIGITAL-2023-PROGRAM-SUPPORT-04-DISSEM-EXPLOIT.json
DIGITAL-2023-DEPLOY-BESTUSE-TECH-04-ENERSAVING,Digital Europe,open,2023-05-11,2023-09-26,single-stage,,DIGITAL Simple Grants,https://ec.europa.eu/info/funding-tenders/opportunities/data/topicDetails/DIGITAL-2023-DEPLOY-BESTUSE-TECH-04-ENERSAVING.json
SMP-COSME-2023-EENEE-01,Single Market Programme,open,2023-03-29,2023-05-31,single-stage,,SMP Grants for Financial Support,https://ec.europa.eu/info/funding-tenders/opportunities/data/topicDetails/SMP-COSME-2023-EENEE-01.json
DIGITAL-ECCC-2022-CYBER-B-03-UPTAKE-CYBERSOLUTIONS,Digital Europe,open,2023-05-25,2023-07-06,single-stage,,DIGITAL JU SME Support Actions,https://ec.europa.eu/info/funding-tenders/opportunities/data/topicDetails/DIGITAL-ECCC-2022-CYBER-B-03-UPTAKE-CYBERSOLUTIONS.json
HORIZON-CL5-2023-D6-01-02,Horizon Europe,open,2023-05-04,2023-09-05,single-stage,,HORIZON  Research and Innovation Actions,https://ec.europa.eu/info/funding-tenders/opportunities/data/topicDetails/HORIZON-CL5-2023-D6-01-02.json
HORIZON-CL5-2024-D2-02-01,Horizon Europe,forthcoming,2024-05-07,2024-09-05,single-stage,,HORIZON Innovation Actions,https://ec.europa.eu/info/funding-tenders/opportunities/data/topicDetails/HORIZON-CL5-2024-D2-02-01.json
HORIZON-CL5-2024-D4-02-01,Horizon Europe,forthcoming,2024-09-17,2025-01-21,single-stage,,HORIZON Innovation Actions,https://ec.europa.eu/info/funding-tenders/opportunities/data/topicDetails/HORIZON-CL5-2024-D4-02-01.json
HORIZON-CL3-2023-SSRI-01-02,Horizon Europe,forthcoming,2023-06-29,2023-11-23,single-stage,,HORIZON Innovation Actions,https://ec.europa.eu/info/funding-tenders/opportunities/data/topicDetails/HORIZON-CL3-2023-SSRI-01-02.json
HORIZON-CL3-2023-INFRA-01-02,Horizon Europe,forthcoming,2023-06-29,2023-11-23,single-stage,,HORIZON Innovation Actions,https://ec.europa.eu/info/funding-tenders/opportunities/data/topicDetails/HORIZON-CL3-2023-INFRA-01-02.json
HORIZON-CL3-2023-CS-01-03,Horizon Europe,forthcoming,2023-06-29,2023-11-23,single-stage,,HORIZON  Research and Innovation Actions,https://ec.europa.eu/info/funding-tenders/opportunities/data/topicDetails/HORIZON-CL3-2023-CS-01-03.json
HORIZON-CL3-2023-DRS-01-04,Horizon Europe,forthcoming,2023-06-29,2023-11-23,single-stage,,HORIZON Innovation Actions,https://ec.europa.eu/info/funding-tenders/opportunities/data/topicDetails/HORIZON-CL3-2023-DRS-01-04.json
HORIZON-CL3-2023-DRS-01-03,Horizon Europe,forthcoming,2023-06-29,2023-11-23,single-stage,,HORIZON  Research and Innovation Actions,https://ec.europa.eu/info/funding-tenders/opportunities/data/topicDetails/HORIZON-CL3-2023-DRS-01-03.json
HORIZON-JU-CBE-2023-R-01,Horizon Europe,open,2023-04-26,2023-09-20,single-stage,,HORIZON JU Research and Innovation Actions,https://ec.europa.eu/info/funding-tenders/opportunities/data/topicDetails/HORIZON-JU-CBE-2023-R-01.json
PERI-2023-ANTI-COUNTERFEIT,Pericles IV,open,2023-02-15,2023-04-20,multiple cut-off,,PERI Project Grants,https://ec.europa.eu/info/funding-tenders/opportunities/data/topicDetails/PERI-2023-ANTI-COUNTERFEIT.json
HORIZON-JU-CBE-2023-IAFlag-03,Horizon Europe,open,2023-04-26,2023-09-20,single-stage,,HORIZON JU Innovation Actions,https://ec.europa.eu/info/funding-tenders/opportunities/data/topicDetails/HORIZON-JU-CBE-2023-IAFlag-03.json
HORIZON-JU-GH-EDCTP3-2023-02-02-two-stage,Horizon Europe,forthcoming,2023-06-27,2023-09-28,two-stage,,HORIZON JU Research and Innovation Actions,https://ec.europa.eu/info/funding-tenders/opportunities/data/topicDetails/HORIZON-JU-GH-EDCTP3-2023-02-02-two-stage.json
HORIZON-CL3-2023-INFRA-01-01,Horizon Europe,forthcoming,2023-06-29,2023-11-23,single-stage,,HORIZON Innovation Actions,https://ec.europa.eu/info/funding-tenders/opportunities/data/topicDetails/HORIZON-CL3-2023-INFRA-01-01.json
HORIZON-CL3-2023-BM-01-04,Horizon Europe,forthcoming,2023-06-29,2023-11-23,single-stage,,HORIZON Innovation Actions,https://ec.europa.eu/info/funding-tenders/opportunities/data/topicDetails/HORIZON-CL3-2023-BM-01-04.json
HORIZON-CL3-2023-DRS-01-01,Horizon Europe,forthcoming,2023-06-29,2023-11-23,single-stage,,HORIZON  Research and Innovation Actions,https://ec.europa.eu/info/funding-tenders/opportunities/data/topicDetails/HORIZON-CL3-2023-DRS-01-01.json
HORIZON-HLTH-2024-STAYHLTH-01-05-two-stage,Horizon Europe,open,2023-03-30,2023-09-19,two-stage,,HORIZON  Research and Innovation Actions,https://ec.europa.eu/info/funding-tenders/opportunities/data/topicDetails/HORIZON-HLTH-2024-STAYHLTH-01-05-two-stage.json
HORIZON-CL5-2024-D2-02-03,Horizon Europe,forthcoming,2024-05-07,2024-09-05,single-stage,,HORIZON Innovation Actions,https://ec.europa.eu/info/funding-tenders/opportunities/data/topicDetails/HORIZON-CL5-2024-D2-02-03.json
HORIZON-CL5-2023-D3-03-06,Horizon Europe,open,2023-05-04,2023-10-10,single-stage,,HORIZON Innovation Actions,https://ec.europa.eu/info/funding-tenders/opportunities/data/topicDetails/HORIZON-CL5-2023-D3-03-06.json
SMP-CONS-2023-ADR,Single Market Programme,open,2023-03-29,2023-07-18,single-stage,,SMP Project Grants,https://ec.europa.eu/info/funding-tenders/opportunities/data/topicDetails/SMP-CONS-2023-ADR.json
ERC-2023-POC,ERC,open,2022-10-20,2023-01-24,multiple cut-off,,HORIZON ERC Proof of Concept Grants,https://ec.europa.eu/info/funding-tenders/opportunities/data/topicDetails/ERC-2023-POC.json
HORIZON-CL3-2023-CS-01-02,Horizon Europe,forthcoming,2023-06-29,2023-11-23,single-stage,,HORIZON Innovation Actions,https://ec.europa.eu/info/funding-tenders/opportunities/data/topicDetails/HORIZON-CL3-2023-CS-01-02.json
HORIZON-CL3-2023-CS-01-01,Horizon Europe,forthcoming,2023-06-29,2023-11-23,single-stage,,HORIZON Innovation Actions,https://ec.europa.eu/info/funding-tenders/opportunities/data/topicDetails/HORIZON-CL3-2023-CS-01-01.json
HORIZON-CL3-2024-FCT-01-07,Horizon Europe,forthcoming,2024-06-27,2024-11-20,single-stage,,HORIZON Innovation Actions,https://ec.europa.eu/info/funding-tenders/opportunities/data/topicDetails/HORIZON-CL3-2024-FCT-01-07.json
HORIZON-CL3-2024-DRS-01-01,Horizon Europe,forthcoming,2024-06-27,2024-11-20,single-stage,,HORIZON  Research and Innovation Actions,https://ec.europa.eu/info/funding-tenders/opportunities/data/topicDetails/HORIZON-CL3-2024-DRS-01-01.json
HORIZON-CL3-2024-FCT-01-02,Horizon Europe,forthcoming,2024-06-27,2024-11-20,single-stage,,HORIZON  Research and Innovation Actions,https://ec.europa.eu/info/funding-tenders/opportunities/data/topicDetails/HORIZON-CL3-2024-FCT-01-02.json
HORIZON-MISS-2023-OCEAN-01-08,Horizon Europe,open,2023-01-17,2023-09-20,single-stage,,HORIZON  Research and Innovation Actions,https://ec.europa.eu/info/funding-tenders/opportunities/data/topicDetails/HORIZON-MISS-2023-OCEAN-01-08.json
HORIZON-CL5-2023-D3-02-07,Horizon Europe,open,2023-05-04,2023-09-05,single-stage,,HORIZON  Research and Innovation Actions,https://ec.europa.eu/info/funding-tenders/opportunities/data/topicDetails/HORIZON-CL5-2023-D3-02-07.json
HORIZON-MISS-2023-OCEAN-01-04,Horizon Europe,open,2023-01-17,2023-09-20,single-stage,,HORIZON Innovation Actions,https://ec.europa.eu/info/funding-tenders/opportunities/data/topicDetails/HORIZON-MISS-2023-OCEAN-01-04.json
HORIZON-MISS-2023-OCEAN-01-02,Horizon Europe,open,2023-01-17,2023-09-20,single-stage,,HORIZON Innovation Actions,https://ec.europa.eu/info/funding-tenders/opportunities/data/topicDetails/HORIZON-MISS-2023-OCEAN-01-02.json
HORIZON-HLTH-2024-DISEASE-03-08-two-stage,Horizon Europe,open,2023-04-26,2023-09-19,two-stage,,HORIZON  Research and Innovation Actions,https://ec.europa.eu/info/funding-tenders/opportunities/data/topicDetails/HORIZON-HLTH-2024-DISEASE-03-08-two-stage.json
HORIZON-CL5-2024-D3-02-08,Horizon Europe,forthcoming,2024-09-17,2025-01-21,single-stage,,HORIZON  Research and Innovation Actions,https://ec.europa.eu/info/funding-tenders/opportunities/data/topicDetails/HORIZON-CL5-2024-D3-02-08.json
HORIZON-JU-CBE-2023-IA-03,Horizon Europe,open,2023-04-26,2023-09-20,single-stage,,HORIZON JU Innovation Actions,https://ec.europa.eu/info/funding-tenders/opportunities/data/topicDetails/HORIZON-JU-CBE-2023-IA-03.json
HORIZON-CL3-2024-FCT-01-08,Horizon Europe,forthcoming,2024-06-27,2024-11-20,single-stage,,HORIZON Innovation Actions,https://ec.europa.eu/info/funding-tenders/opportunities/data/topicDetails/HORIZON-CL3-2024-FCT-01-08.json
HORIZON-CL3-2024-CS-01-02,Horizon Europe,forthcoming,2024-06-27,2024-11-20,single-stage,,HORIZON  Research and Innovation Actions,https://ec.europa.eu/info/funding-tenders/opportunities/data/topicDetails/HORIZON-CL3-2024-CS-01-02.json
HORIZON-MISS-2023-OCEAN-01-03,Horizon Europe,open,2023-01-17,2023-09-20,single-stage,,HORIZON Innovation Actions,https://ec.europa.eu/info/funding-tenders/opportunities/data/topicDetails/HORIZON-MISS-2023-OCEAN-01-03.json
HORIZON-MISS-2023-OCEAN-01-09,Horizon Europe,open,2023-01-17,2023-09-20,single-stage,,HORIZON Coordination and Support Actions,https://ec.europa.eu/info/funding-tenders/opportunities/data/topicDetails/HORIZON-MISS-2023-OCEAN-01-09.json
HORIZON-MISS-2023-OCEAN-01-06,Horizon Europe,open,2023-01-17,2023-09-20,single-stage,,HORIZON  Research and Innovation Actions,https://ec.europa.eu/info/funding-tenders/opportunities/data/topicDetails/HORIZON-MISS-2023-OCEAN-01-06.json
HORIZON-MISS-2023-OCEAN-01-05,Horizon Europe,open,2023-01-17,2023-09-20,single-stage,,HORIZON Innovation Actions,https://ec.europa.eu/info/funding-tenders/opportunities/data/topicDetails/HORIZON-MISS-2023-OCEAN-01-05.json
HORIZON-MISS-2023-OCEAN-01-10,Horizon Europe,open,2023-01-17,2023-09-20,single-stage,,HORIZON Coordination and Support Actions,https://ec.europa.eu/info/funding-tenders/opportunities/data/topicDetails/HORIZON-MISS-2023-OCEAN-01-10.json
HORIZON-CL5-2024-D3-02-06,Horizon Europe,forthcoming,2024-09-17,2025-01-21,single-stage,,HORIZON Innovation Actions,https://ec.europa.eu/info/funding-tenders/opportunities/data/topicDetails/HORIZON-CL5-2024-D3-02-06.json
HORIZON-CL5-2023-D3-03-01,Horizon Europe,open,2023-05-04,2023-10-10,single-stage,,HORIZON  Research and Innovation Actions,https://ec.europa.eu/info/funding-tenders/opportunities/data/topicDetails/HORIZON-CL5-2023-D3-03-01.json
HORIZON-JU-CBE-2023-R-03,Horizon Europe,open,2023-04-26,2023-09-20,single-stage,,HORIZON JU Research and Innovation Actions,https://ec.europa.eu/info/funding-tenders/opportunities/data/topicDetails/HORIZON-JU-CBE-2023-R-03.json
CERV-2023-CITIZENS-TOWN-TT,CERV,open,2023-03-15,2023-09-20,single-stage,,CERV Lump Sum Grants,https://ec.europa.eu/info/funding-tenders/opportunities/data/topicDetails/CERV-2023-CITIZENS-TOWN-TT.json
JUST-2023-JACC-EJUSTICE,Justice,open,2023-05-04,2023-10-04,single-stage,,JUST Lump Sum Grants,https://ec.europa.eu/info/funding-tenders/opportunities/data/topicDetails/JUST-2023-JACC-EJUSTICE.json
HORIZON-MISS-2023-SOIL-01-04,Horizon Europe,open,2023-01-17,2023-09-20,single-stage,,HORIZON Innovation Actions,https://ec.europa.eu/info/funding-tenders/opportunities/data/topicDetails/HORIZON-MISS-2023-SOIL-01-04.json
HORIZON-CL5-2023-D6-01-01,Horizon Europe,open,2023-05-04,2023-09-05,single-stage,,HORIZON  Research and Innovation Actions,https://ec.europa.eu/info/funding-tenders/opportunities/data/topicDetails/HORIZON-CL5-2023-D6-01-01.json
HORIZON-CL5-2023-D4-02-02,Horizon Europe,open,2023-05-04,2023-09-05,single-stage,,HORIZON Innovation Actions,https://ec.europa.eu/info/funding-tenders/opportunities/data/topicDetails/HORIZON-CL5-2023-D4-02-02.json
HORIZON-CL5-2023-D3-02-16,Horizon Europe,open,2023-05-04,2023-09-05,single-stage,,HORIZON Innovation Actions,https://ec.europa.eu/info/funding-tenders/opportunities/data/topicDetails/HORIZON-CL5-2023-D3-02-16.json
HORIZON-MISS-2023-SOIL-01-01,Horizon Europe,open,2023-01-17,2023-09-20,single-stage,,HORIZON  Research and Innovation Actions,https://ec.europa.eu/info/funding-tenders/opportunities/data/topicDetails/HORIZON-MISS-2023-SOIL-01-01.json
HORIZON-MISS-2023-OCEAN-01-01,Horizon Europe,open,2023-01-17,2023-09-20,single-stage,,HORIZON Innovation Actions,https://ec.europa.eu/info/funding-tenders/opportunities/data/topicDetails/HORIZON-MISS-2023-OCEAN-01-01.json
HORIZON-HLTH-2023-DISEASE-07-01,Horizon Europe,open,2023-01-12,2023-09-19,single-stage,,HORIZON Programme Cofund Actions,https://ec.europa.eu/info/funding-tenders/opportunities/data/topicDetails/HORIZON-HLTH-2023-DISEASE-07-01.json
HORIZON-CL5-2024-D4-02-03,Horizon Europe,forthcoming,2024-09-17,2025-01-21,single-stage,,HORIZON Innovation Actions,https://ec.europa.eu/info/funding-tenders/opportunities/data/topicDetails/HORIZON-CL5-2024-D4-02-03.json
HORIZON-JU-GH-EDCTP3-2023-01-04,Horizon Europe,open,2023-05-10,2023-06-29,single-stage,,HORIZON JU Research and Innovation Actions,https://ec.europa.eu/info/funding-tenders/opportunities/data/topicDetails/HORIZON-JU-GH-EDCTP3-2023-01-04.json
HORIZON-JU-GH-EDCTP3-2023-01-05,Horizon Europe,open,2023-05-10,2023-06-29,single-stage,,HORIZON JU Coordination and Support Actions,https://ec.europa.eu/info/funding-tenders/opportunities/data/topicDetails/HORIZON-JU-GH-EDCTP3-2023-01-05.json
HORIZON-JU-GH-EDCTP3-2023-01-03,Horizon Europe,open,2023-05-10,2023-06-29,single-stage,,HORIZON JU Research and Innovation Actions,https://ec.europa.eu/info/funding-tenders/opportunities/data/topicDetails/HORIZON-JU-GH-EDCTP3-2023-01-03.json
HORIZON-JU-GH-EDCTP3-2023-01-02,Horizon Europe,open,2023-05-10,2023-06-29,single-stage,,HORIZON JU Research and Innovation Actions,https://ec.europa.eu/info/funding-tenders/opportunities/data/topicDetails/HORIZON-JU-GH-EDCTP3-2023-01-02.json
ERASMUS-EDU-2023-PEX-COVE,Erasmus+,open,2022-11-29,2023-06-08,single-stage,,ERASMUS Lump Sum Grants,https://ec.europa.eu/info/funding-tenders/opportunities/data/topicDetails/ERASMUS-EDU-2023-PEX-COVE.json
HORIZON-JU-GH-EDCTP3-2023-01-01,Horizon Europe,open,2023-05-10,2023-06-29,single-stage,,HORIZON JU Research and Innovation Actions,https://ec.europa.eu/info/funding-tenders/opportunities/data/topicDetails/HORIZON-JU-GH-EDCTP3-2023-01-01.json
LIFE-2023-TA-PP-ENV-SIP,LIFE,open,2023-05-02,2023-09-07,single-stage,,LIFE Project Grants,https://ec.europa.eu/info/funding-tenders/opportunities/data/topicDetails/LIFE-2023-TA-PP-ENV-SIP.json
HORIZON-CL6-2023-GOVERNANCE-02-1,Horizon Europe,open,2023-05-25,2023-09-21,single-stage,,HORIZON Coordination and Support Actions,https://ec.europa.eu/info/funding-tenders/opportunities/data/topicDetails/HORIZON-CL6-2023-GOVERNANCE-02-1.json
HORIZON-EIC-2023-PATHFINDERCHALLENGES-01-03,Horizon Europe,forthcoming,2023-06-20,2023-10-18,single-stage,,HORIZON EIC Grants,https://ec.europa.eu/info/funding-tenders/opportunities/data/topicDetails/HORIZON-EIC-2023-PATHFINDERCHALLENGES-01-03.json
LIFE-2023-SAP-CLIMA-GOV,LIFE,open,2023-04-18,2023-09-21,single-stage,,LIFE Project Grants,https://ec.europa.eu/info/funding-tenders/opportunities/data/topicDetails/LIFE-2023-SAP-CLIMA-GOV.json
LIFE-2023-SAP-ENV-ENVIRONMENT,LIFE,open,2023-04-18,2023-09-06,single-stage,,LIFE Project Grants,https://ec.europa.eu/info/funding-tenders/opportunities/data/topicDetails/LIFE-2023-SAP-ENV-ENVIRONMENT.json
LIFE-2023-SAP-ENV-GOV,LIFE,open,2023-04-18,2023-09-06,single-stage,,LIFE Project Grants,https://ec.europa.eu/info/funding-tenders/opportunities/data/topicDetails/LIFE-2023-SAP-ENV-GOV.json
CREA-MEDIA-2023-DEVMINISLATE,Creative Europe,open,2022-12-08,2023-06-01,single-stage,,CREA Lump Sum Grants,https://ec.europa.eu/info/funding-tenders/opportunities/data/topicDetails/CREA-MEDIA-2023-DEVMINISLATE.json
HORIZON-CL5-2024-D3-02-09,Horizon Europe,forthcoming,2024-09-17,2025-01-21,single-stage,,HORIZON Innovation Actions,https://ec.europa.eu/info/funding-tenders/opportunities/data/topicDetails/HORIZON-CL5-2024-D3-02-09.json
CERV-2023-EQUAL,CERV,open,2022-12-08,2023-06-20,single-stage,,CERV Lump Sum Grants,https://ec.europa.eu/info/funding-tenders/opportunities/data/topicDetails/CERV-2023-EQUAL.json
HORIZON-EIT-2024-2025-KIC-CCSI,Horizon Europe,forthcoming,2023-06-01,2023-09-28,single-stage,,HORIZON EIT KIC Actions,https://ec.europa.eu/info/funding-tenders/opportunities/data/topicDetails/HORIZON-EIT-2024-2025-KIC-CCSI.json
RENEWFM-2022-TECH-SPEC,RENEWFM,open,2023-04-18,2023-09-27,single-stage,,RENEWFM Lump Sum Grants,https://ec.europa.eu/info/funding-tenders/opportunities/data/topicDetails/RENEWFM-2022-TECH-SPEC.json
ISF-2022-TF1-AG-DATA,ISF,open,2023-03-30,2023-07-04,single-stage,,ISF Project Grants,https://ec.europa.eu/info/funding-tenders/opportunities/data/topicDetails/ISF-2022-TF1-AG-DATA.json
HORIZON-MISS-2023-SOIL-01-07,Horizon Europe,open,2023-01-17,2023-09-20,single-stage,,HORIZON Coordination and Support Actions,https://ec.europa.eu/info/funding-tenders/opportunities/data/topicDetails/HORIZON-MISS-2023-SOIL-01-07.json
HORIZON-MISS-2023-OCEAN-01-07,Horizon Europe,open,2023-01-17,2023-09-20,single-stage,,HORIZON  Research and Innovation Actions,https://ec.europa.eu/info/funding-tenders/opportunities/data/topicDetails/HORIZON-MISS-2023-OCEAN-01-07.json
HORIZON-CL5-2023-D4-02-04,Horizon Europe,open,2023-05-04,2023-09-05,single-stage,,HORIZON Coordination and Support Actions,https://ec.europa.eu/info/funding-tenders/opportunities/data/topicDetails/HORIZON-CL5-2023-D4-02-04.json
HORIZON-MISS-2023-SOIL-01-05,Horizon Europe,open,2023-01-17,2023-09-20,single-stage,,HORIZON Innovation Actions,https://ec.europa.eu/info/funding-tenders/opportunities/data/topicDetails/HORIZON-MISS-2023-SOIL-01-05.json
HORIZON-MISS-2023-OCEAN-01-11,Horizon Europe,open,2023-01-17,2023-09-20,single-stage,,HORIZON Coordination and Support Actions,https://ec.europa.eu/info/funding-tenders/opportunities/data/topicDetails/HORIZON-MISS-2023-OCEAN-01-11.json
HORIZON-MISS-2023-SOIL-01-02,Horizon Europe,open,2023-01-17,2023-09-20,single-stage,,HORIZON  Research and Innovation Actions,https://ec.europa.eu/info/funding-tenders/opportunities/data/topicDetails/HORIZON-MISS-2023-SOIL-01-02.json
HORIZON-CL5-2023-D3-02-09,Horizon Europe,open,2023-05-04,2023-09-05,single-stage,,HORIZON Innovation Actions,https://ec.europa.eu/info/funding-tenders/opportunities/data/topicDetails/HORIZON-CL5-2023-D3-02-09.json
HORIZON-CL5-2024-D3-02-03,Horizon Europe,forthcoming,2024-09-17,2025-01-21,single-stage,,HORIZON  Research and Innovation Actions,https://ec.europa.eu/info/funding-tenders/opportunities/data/topicDetails/HORIZON-CL5-2024-D3-02-03.json
HORIZON-HLTH-2024-DISEASE-03-11-two-stage,Horizon Europe,open,2023-04-26,2023-09-19,two-stage,,HORIZON  Research and Innovation Actions,https://ec.europa.eu/info/funding-tenders/opportunities/data/topicDetails/HORIZON-HLTH-2024-DISEASE-03-11-two-stage.json
HORIZON-JU-CBE-2023-S-02,Horizon Europe,open,2023-04-26,2023-09-20,single-stage,,HORIZON JU Coordination and Support Actions,https://ec.europa.eu/info/funding-tenders/opportunities/data/topicDetails/HORIZON-JU-CBE-2023-S-02.json
HORIZON-JU-CBE-2023-IA-01,Horizon Europe,open,2023-04-26,2023-09-20,single-stage,,HORIZON JU Innovation Actions,https://ec.europa.eu/info/funding-tenders/opportunities/data/topicDetails/HORIZON-JU-CBE-2023-IA-01.json
HORIZON-HLTH-2024-DISEASE-09-01,Horizon Europe,forthcoming,2024-04-25,2024-09-25,single-stage,,HORIZON Programme Cofund Actions,https://ec.europa.eu/info/funding-tenders/opportunities/data/topicDetails/HORIZON-HLTH-2024-DISEASE-09-01.json
DIGITAL-2023-DEPLOY-04-NETWORK-OF-SICs,Digital Europe,open,2023-05-11,2023-09-26,single-stage,,DIGITAL Simple Grants,https://ec.europa.eu/info/funding-tenders/opportunities/data/topicDetails/DIGITAL-2023-DEPLOY-04-NETWORK-OF-SICs.json
DIGITAL-2023-DEPLOY-04-EDMO-HUBS,Digital Europe,open,2023-05-11,2023-09-26,single-stage,,Digital SME Support Actions,https://ec.europa.eu/info/funding-tenders/opportunities/data/topicDetails/DIGITAL-2023-DEPLOY-04-EDMO-HUBS.json
LIFE-2023-PLP-NAT-ENV,LIFE,open,2023-04-18,2023-09-07,single-stage,,LIFE Project Grants,https://ec.europa.eu/info/funding-tenders/opportunities/data/topicDetails/LIFE-2023-PLP-NAT-ENV.json
LIFE-2023-PLP-CLIMA,LIFE,open,2023-04-18,2023-09-07,single-stage,,LIFE Project Grants,https://ec.europa.eu/info/funding-tenders/opportunities/data/topicDetails/LIFE-2023-PLP-CLIMA.json
NDICI-2023-MOBAF,NDICI,open,2023-04-04,2023-06-15,single-stage,,NDICI MOBAF Unit Grants,https://ec.europa.eu/info/funding-tenders/opportunities/data/topicDetails/NDICI-2023-MOBAF.json
LIFE-2023-PLP-ENER,LIFE,open,2023-04-18,2023-09-07,single-stage,,LIFE Project Grants,https://ec.europa.eu/info/funding-tenders/opportunities/data/topicDetails/LIFE-2023-PLP-ENER.json
HORIZON-EUROHPC-JU-2022-TECH-03-01,Horizon Europe,open,2023-01-26,2023-08-31,single-stage,,HORIZON Framework Partnerships,https://ec.europa.eu/info/funding-tenders/opportunities/data/topicDetails/HORIZON-EUROHPC-JU-2022-TECH-03-01.json
LIFE-2023-TA-R-NAT-ENV,LIFE,open,2023-04-18,2023-07-27,single-stage,,LIFE Project Grants,https://ec.europa.eu/info/funding-tenders/opportunities/data/topicDetails/LIFE-2023-TA-R-NAT-ENV.json
HORIZON-MSCA-2024-NCP-01-01,Horizon Europe,forthcoming,2024-05-16,2024-09-04,single-stage,,HORIZON Coordination and Support Actions,https://ec.europa.eu/info/funding-tenders/opportunities/data/topicDetails/HORIZON-MSCA-2024-NCP-01-01.json
HORIZON-MSCA-2024-DN-01-01,Horizon Europe,forthcoming,2024-05-29,2024-11-27,single-stage,,HORIZON TMA MSCA Doctoral NetworksHORIZON TMA MSCA Doctoral Networks - Industrial DoctoratesHORIZON TMA MSCA Doctoral Networks - Joint Doctorates,https://ec.europa.eu/info/funding-tenders/opportunities/data/topicDetails/HORIZON-MSCA-2024-DN-01-01.json
HORIZON-MSCA-2024-RR-01-01,Horizon Europe,forthcoming,2024-09-12,2025-01-14,single-stage,,HORIZON Coordination and Support Actions,https://ec.europa.eu/info/funding-tenders/opportunities/data/topicDetails/HORIZON-MSCA-2024-RR-01-01.json
DIGITAL-2022-CLOUD-AI-B-03-AI-ON-DEMAND,Digital Europe,open,2023-05-25,2023-08-29,single-stage,,DIGITAL Coordination and Support Actions,https://ec.europa.eu/info/funding-tenders/opportunities/data/topicDetails/DIGITAL-2022-CLOUD-AI-B-03-AI-ON-DEMAND.json
HORIZON-EIC-2023-PATHFINDERCHALLENGES-01-01,Horizon Europe,forthcoming,2023-06-20,2023-10-18,single-stage,,HORIZON EIC Grants,https://ec.europa.eu/info/funding-tenders/opportunities/data/topicDetails/HORIZON-EIC-2023-PATHFINDERCHALLENGES-01-01.json
HORIZON-EIC-2023-PATHFINDERCHALLENGES-01-02,Horizon Europe,forthcoming,2023-06-20,2023-10-18,single-stage,,HORIZON EIC Grants,https://ec.europa.eu/info/funding-tenders/opportunities/data/topicDetails/HORIZON-EIC-2023-PATHFINDERCHALLENGES-01-02.json
HORIZON-EIC-2023-PATHFINDERCHALLENGES-01-04,Horizon Europe,forthcoming,2023-06-20,2023-10-18,single-stage,,HORIZON EIC Grants,https://ec.europa.eu/info/funding-tenders/opportunities/data/topicDetails/HORIZON-EIC-2023-PATHFINDERCHALLENGES-01-04.json
LIFE-2023-TA-PP-CLIMA-SIP,LIFE,open,2023-05-02,2023-09-07,single-stage,,LIFE Project Grants,https://ec.europa.eu/info/funding-tenders/opportunities/data/topicDetails/LIFE-2023-TA-PP-CLIMA-SIP.json
LIFE-2023-TA-PP-NAT-SNAP,LIFE,open,2023-05-02,2023-09-07,single-stage,,LIFE Project Grants,https://ec.europa.eu/info/funding-tenders/opportunities/data/topicDetails/LIFE-2023-TA-PP-NAT-SNAP.json
DIGITAL-2023-CLOUD-DATA-04-DIGIPASS,Digital Europe,open,2023-05-11,2023-09-26,single-stage,,DIGITAL Simple Grants,https://ec.europa.eu/info/funding-tenders/opportunities/data/topicDetails/DIGITAL-2023-CLOUD-DATA-04-DIGIPASS.json
HORIZON-CL5-2023-D3-03-08,Horizon Europe,open,2023-05-04,2023-10-10,single-stage,,HORIZON Coordination and Support Actions,https://ec.europa.eu/info/funding-tenders/opportunities/data/topicDetails/HORIZON-CL5-2023-D3-03-08.json
HORIZON-CL3-2024-FCT-01-06,Horizon Europe,forthcoming,2024-06-27,2024-11-20,single-stage,,HORIZON  Research and Innovation Actions,https://ec.europa.eu/info/funding-tenders/opportunities/data/topicDetails/HORIZON-CL3-2024-FCT-01-06.json
ESF-2023-ETS,ESF+,open,2023-03-14,2023-06-15,single-stage,,ESF Project Grants,https://ec.europa.eu/info/funding-tenders/opportunities/data/topicDetails/ESF-2023-ETS.json
SOCPL-2023-SOC-DIALOG,EaSI / SOCPL,open,2023-03-29,2023-06-28,single-stage,,SOCPL Project Grants,https://ec.europa.eu/info/funding-tenders/opportunities/data/topicDetails/SOCPL-2023-SOC-DIALOG.json
DIGITAL-2023-SKILLS-04-BOOSTINGDIGIT,Digital Europe,open,2023-05-11,2023-09-26,single-stage,,DIGITAL Coordination and Support Actions,https://ec.europa.eu/info/funding-tenders/opportunities/data/topicDetails/DIGITAL-2023-SKILLS-04-BOOSTINGDIGIT.json
DIGITAL-2023-SKILLS-04-SEMICONDUCTORS,Digital Europe,open,2023-05-11,2023-09-26,single-stage,,DIGITAL Simple Grants,https://ec.europa.eu/info/funding-tenders/opportunities/data/topicDetails/DIGITAL-2023-SKILLS-04-SEMICONDUCTORS.json
CEF-T-2023-MILMOB-WORKS,Connecting Europe Facility,open,2023-05-03,2023-09-21,single-stage,,CEF Infrastructure Projects,https://ec.europa.eu/info/funding-tenders/opportunities/data/topicDetails/CEF-T-2023-MILMOB-WORKS.json
LIFE-2023-SAP-NAT-GOV,LIFE,open,2023-04-18,2023-09-06,single-stage,,LIFE Project Grants,https://ec.europa.eu/info/funding-tenders/opportunities/data/topicDetails/LIFE-2023-SAP-NAT-GOV.json
LIFE-2023-SAP-NAT-NATURE,LIFE,open,2023-04-18,2023-09-06,single-stage,,LIFE Project Grants,https://ec.europa.eu/info/funding-tenders/opportunities/data/topicDetails/LIFE-2023-SAP-NAT-NATURE.json
HORIZON-CL5-2023-D3-03-07,Horizon Europe,open,2023-05-04,2023-10-10,single-stage,,HORIZON  Research and Innovation Actions,https://ec.europa.eu/info/funding-tenders/opportunities/data/topicDetails/HORIZON-CL5-2023-D3-03-07.json